timestamp	Algo	AliceQuantile	AliceDiscretize	AliceDim	AliceContext	AliceNegative	AliceNormalize	EveQuantile	EveDiscretize	EveDim	EveContext	EveNegative	EveNormalize	AliceWalkLen	AliceNWalks	AliceP	AliceQ	AliceEpochs	AliceSeed	EveWalkLen	EveNWalks	EveP	EveQ	EveEpochs	EveSeed	AliceAlgo	AliceSecret	AliceN	AliceMetric	EveAlgo	EveSecret	EveN	EveMetric	AliceBFLength	AliceBits	AliceDiffuse	AliceT	AliceEldLength	EveBFLength	EveBits	EveDiffuse	EveT	EveEldLength	AliceNHash	AliceNHashBits	AliceNSubKeys	Alice1BitHash	EveNHash	EveNHashBits	EveNSubKeys	Eve1BitHash	AliceNHashFunc	AliceNHashCol	AliceRandMode	EveNHashFunc	EveNHashCol	EveRandMode	Data	Overlap	DropFrom	DevMode	BenchMode	Verbose	MatchingMetric	Matching	Workers	RegWS	RegInit	Batchsize	LR	NIterWS	NIterInit	NEpochWS	LRDecay	Sqrt	EarlyStopping	Selection	MaxLoad	Wasserstein	Dummy	success_rate	correct	n_alice	n_eve	elapsed_total	elapsed_alice_enc	elapsed_eve_enc	elapsed_alice_emb	elapsed_eve_emb	elapsed_align_prep	elapsed_align	elapsed_mapping	elapsed_relevant
1720570798.4984808	Node2Vec	0.9	False	128	10	1	True	0.9	False	128	10	1	True	100	20	250	300	5	42	100	20	250	300	5	42	BloomFilter	SuperSecretSalt1337	2	dice	BloomFilter	SuperSecretSalt1337	2	dice	1024	10	False	10	1024	1024	10	False	10	1024	1024	64	8	True	2000	32	8	True	10	1000	PNG	10	1000	PNG	./data/Daten_PPRL/fakename_1k.tsv	0.05	Both	False	True	False	cosine	MinWeight	-1	0.1	1	512	200.0	20	5	100	0.999	True	10	None		True	0	0.0	0	512	513	216.67061495780945	0.7556660175323486	0.8510434627532959	9.886924982070923	7.745049238204956	3.4332275390625e-05	197.35460329055786	0.042995452880859375	215.0379421710968
1720570854.0728686	Node2Vec	0.9	False	128	10	1	True	0.9	False	128	10	1	True	100	20	250	300	5	42	100	20	250	300	5	42	BloomFilter	SuperSecretSalt1337	2	dice	BloomFilter	SuperSecretSalt1337	2	dice	1024	10	False	10	1024	1024	10	False	10	1024	1024	64	8	True	2000	32	8	True	10	1000	PNG	10	1000	PNG	./data/Daten_PPRL/fakename_1k.tsv	0.1	Both	False	True	False	cosine	MinWeight	-1	0.1	1	526	200.0	20	5	100	0.999	True	10	None		True	0	0.019230769230769232	1	526	526	55.5734646320343	0.9000768661499023	1.037346601486206	6.735507965087891	6.615851163864136	3.4332275390625e-05	40.17523121833801	0.0754082202911377	53.609922647476196
1720570953.7385294	Node2Vec	0.9	False	128	10	1	True	0.9	False	128	10	1	True	100	20	250	300	5	42	100	20	250	300	5	42	BloomFilter	SuperSecretSalt1337	2	dice	BloomFilter	SuperSecretSalt1337	2	dice	1024	10	False	10	1024	1024	10	False	10	1024	1024	64	8	True	2000	32	8	True	10	1000	PNG	10	1000	PNG	./data/Daten_PPRL/fakename_1k.tsv	0.15	Both	False	True	False	cosine	MinWeight	-1	0.1	1	540	200.0	20	5	100	0.999	True	10	None		True	0	0.037037037037037035	3	540	541	99.66493391990662	0.9089095592498779	0.9233083724975586	6.86031699180603	6.870413780212402	3.123283386230469e-05	83.98625421524048	0.08177566528320312	97.80659556388855
1720571101.283971	Node2Vec	0.9	False	128	10	1	True	0.9	False	128	10	1	True	100	20	250	300	5	42	100	20	250	300	5	42	BloomFilter	SuperSecretSalt1337	2	dice	BloomFilter	SuperSecretSalt1337	2	dice	1024	10	False	10	1024	1024	10	False	10	1024	1024	64	8	True	2000	32	8	True	10	1000	PNG	10	1000	PNG	./data/Daten_PPRL/fakename_1k.tsv	0.2	Both	False	True	False	cosine	MinWeight	-1	0.1	1	555	200.0	20	5	100	0.999	True	10	None		True	0	0.036036036036036036	4	555	556	147.5420880317688	0.9168815612792969	0.8738617897033691	6.94739294052124	6.932218313217163	4.696846008300781e-05	131.7630820274353	0.07463455200195312	145.7251410484314
1720571151.0048757	Node2Vec	0.9	False	128	10	1	True	0.9	False	128	10	1	True	100	20	250	300	5	42	100	20	250	300	5	42	BloomFilter	SuperSecretSalt1337	2	dice	BloomFilter	SuperSecretSalt1337	2	dice	1024	10	False	10	1024	1024	10	False	10	1024	1024	64	8	True	2000	32	8	True	10	1000	PNG	10	1000	PNG	./data/Daten_PPRL/fakename_1k.tsv	0.25	Both	False	True	False	cosine	MinWeight	-1	0.125	1	571	200.0	20	5	100	0.999	True	10	None		True	0	0.014084507042253521	2	571	571	49.7201509475708	0.9237861633300781	0.8919694423675537	7.1836097240448	7.204314231872559	2.956390380859375e-05	33.431493282318115	0.049452781677246094	47.87726187705994
1720571201.1444802	Node2Vec	0.9	False	128	10	1	True	0.9	False	128	10	1	True	100	20	250	300	5	42	100	20	250	300	5	42	BloomFilter	SuperSecretSalt1337	2	dice	BloomFilter	SuperSecretSalt1337	2	dice	1024	10	False	10	1024	1024	10	False	10	1024	1024	64	8	True	2000	32	8	True	10	1000	PNG	10	1000	PNG	./data/Daten_PPRL/fakename_1k.tsv	0.3	Both	False	True	False	cosine	MinWeight	-1	0.15	1	588	200.0	20	5	100	0.999	True	10	None		True	0	0.011363636363636364	2	588	588	50.13911271095276	0.9731922149658203	0.9611186981201172	7.380349397659302	7.319695472717285	2.9325485229492188e-05	33.41676425933838	0.05202174186706543	48.177321910858154
1720571246.1478205	Node2Vec	0.9	False	128	10	1	True	0.9	False	128	10	1	True	100	20	250	300	5	42	100	20	250	300	5	42	BloomFilter	SuperSecretSalt1337	2	dice	BloomFilter	SuperSecretSalt1337	2	dice	1024	10	False	10	1024	1024	10	False	10	1024	1024	64	8	True	2000	32	8	True	10	1000	PNG	10	1000	PNG	./data/Daten_PPRL/fakename_1k.tsv	0.35	Both	False	True	False	cosine	MinWeight	-1	0.175	1	606	200.0	20	5	100	0.999	True	10	None		True	0	0.014150943396226415	3	606	606	45.00262928009033	1.0613782405853271	1.0063185691833496	7.637531995773315	7.448665618896484	2.9325485229492188e-05	27.76233410835266	0.04747748374938965	42.90416193008423
1720571286.7872705	Node2Vec	0.9	False	128	10	1	True	0.9	False	128	10	1	True	100	20	250	300	5	42	100	20	250	300	5	42	BloomFilter	SuperSecretSalt1337	2	dice	BloomFilter	SuperSecretSalt1337	2	dice	1024	10	False	10	1024	1024	10	False	10	1024	1024	64	8	True	2000	32	8	True	10	1000	PNG	10	1000	PNG	./data/Daten_PPRL/fakename_1k.tsv	0.4	Both	False	True	False	cosine	MinWeight	-1	0.2	1	625	200.0	20	5	100	0.999	True	10	None		True	0	0.032	8	625	625	40.63851571083069	1.2219030857086182	0.956301212310791	7.666175842285156	7.697941780090332	3.62396240234375e-05	23.01266837120056	0.044275760650634766	38.429548263549805
1720571322.4562666	Node2Vec	0.9	False	128	10	1	True	0.9	False	128	10	1	True	100	20	250	300	5	42	100	20	250	300	5	42	BloomFilter	SuperSecretSalt1337	2	dice	BloomFilter	SuperSecretSalt1337	2	dice	1024	10	False	10	1024	1024	10	False	10	1024	1024	64	8	True	2000	32	8	True	10	1000	PNG	10	1000	PNG	./data/Daten_PPRL/fakename_1k.tsv	0.45	Both	False	True	False	cosine	MinWeight	-1	0.225	1	645	200.0	20	5	100	0.999	True	10	None		True	0	0.017241379310344827	5	645	645	35.668010234832764	1.0278499126434326	0.9770982265472412	7.952810764312744	7.868534088134766	2.7418136596679688e-05	17.756380796432495	0.04499626159667969	33.63126039505005
1720571396.2169523	Node2Vec	0.9	False	128	10	1	True	0.9	False	128	10	1	True	100	20	250	300	5	42	100	20	250	300	5	42	BloomFilter	SuperSecretSalt1337	2	dice	BloomFilter	SuperSecretSalt1337	2	dice	1024	10	False	10	1024	1024	10	False	10	1024	1024	64	8	True	2000	32	8	True	10	1000	PNG	10	1000	PNG	./data/Daten_PPRL/fakename_1k.tsv	0.5	Both	False	True	False	cosine	MinWeight	-1	0.25	1	666	200.0	20	5	100	0.999	True	10	None		True	0	0.03903903903903904	13	666	667	73.75963759422302	1.057325839996338	1.0844619274139404	8.141293048858643	8.233853816986084	2.8848648071289062e-05	55.16968274116516	0.03364253044128418	71.58720970153809
1720571450.353054	Node2Vec	0.9	False	128	10	1	True	0.9	False	128	10	1	True	100	20	250	300	5	42	100	20	250	300	5	42	BloomFilter	SuperSecretSalt1337	2	dice	BloomFilter	SuperSecretSalt1337	2	dice	1024	10	False	10	1024	1024	10	False	10	1024	1024	64	8	True	2000	32	8	True	10	1000	PNG	10	1000	PNG	./data/Daten_PPRL/fakename_1k.tsv	0.55	Both	False	True	False	cosine	MinWeight	-1	0.275	1	689	200.0	20	5	100	0.999	True	10	None		True	0	0.0712401055408971	27	689	690	54.13540291786194	1.0652525424957275	1.0222229957580566	8.447372436523438	8.493465423583984	3.0040740966796875e-05	35.01633954048157	0.052962303161621094	52.018425941467285
1720571488.5345325	Node2Vec	0.9	False	128	10	1	True	0.9	False	128	10	1	True	100	20	250	300	5	42	100	20	250	300	5	42	BloomFilter	SuperSecretSalt1337	2	dice	BloomFilter	SuperSecretSalt1337	2	dice	1024	10	False	10	1024	1024	10	False	10	1024	1024	64	8	True	2000	32	8	True	10	1000	PNG	10	1000	PNG	./data/Daten_PPRL/fakename_1k.tsv	0.6	Both	False	True	False	cosine	MinWeight	-1	0.3	1	714	200.0	20	5	100	0.999	True	10	None		True	0	0.09813084112149532	42	714	714	38.18046569824219	1.150421142578125	1.0613229274749756	9.188052892684937	9.236148357391357	4.458427429199219e-05	17.439184188842773	0.053427696228027344	35.93495774269104
1720571558.966759	Node2Vec	0.9	False	128	10	1	True	0.9	False	128	10	1	True	100	20	250	300	5	42	100	20	250	300	5	42	BloomFilter	SuperSecretSalt1337	2	dice	BloomFilter	SuperSecretSalt1337	2	dice	1024	10	False	10	1024	1024	10	False	10	1024	1024	64	8	True	2000	32	8	True	10	1000	PNG	10	1000	PNG	./data/Daten_PPRL/fakename_1k.tsv	0.65	Both	False	True	False	cosine	MinWeight	-1	0.325	1	740	200.0	20	5	100	0.999	True	10	None		True	0	0.9916839916839917	477	740	741	70.43111371994019	1.1192972660064697	1.1370456218719482	9.01960015296936	8.98709774017334	4.8160552978515625e-05	50.07195854187012	0.05536079406738281	68.1430025100708
1720571600.4291213	Node2Vec	0.9	False	128	10	1	True	0.9	False	128	10	1	True	100	20	250	300	5	42	100	20	250	300	5	42	BloomFilter	SuperSecretSalt1337	2	dice	BloomFilter	SuperSecretSalt1337	2	dice	1024	10	False	10	1024	1024	10	False	10	1024	1024	64	8	True	2000	32	8	True	10	1000	PNG	10	1000	PNG	./data/Daten_PPRL/fakename_1k.tsv	0.7	Both	False	True	False	cosine	MinWeight	-1	0.35	1	769	200.0	20	5	100	0.999	True	10	None		True	0	0.9981412639405205	537	769	769	41.46142244338989	1.1235077381134033	1.073854684829712	9.233987808227539	9.285277128219604	3.170967102050781e-05	20.608850479125977	0.0904843807220459	39.22770047187805
1720571645.3445973	Node2Vec	0.9	False	128	10	1	True	0.9	False	128	10	1	True	100	20	250	300	5	42	100	20	250	300	5	42	BloomFilter	SuperSecretSalt1337	2	dice	BloomFilter	SuperSecretSalt1337	2	dice	1024	10	False	10	1024	1024	10	False	10	1024	1024	64	8	True	2000	32	8	True	10	1000	PNG	10	1000	PNG	./data/Daten_PPRL/fakename_1k.tsv	0.75	Both	False	True	False	cosine	MinWeight	-1	0.375	1	800	200.0	20	5	100	0.999	True	10	None		True	0	0.9983333333333333	599	800	800	44.914594888687134	1.1365737915039062	1.0979204177856445	9.649312257766724	9.546762704849243	2.86102294921875e-05	23.393062353134155	0.04690408706665039	42.645156383514404
1720571695.8348362	Node2Vec	0.9	False	128	10	1	True	0.9	False	128	10	1	True	100	20	250	300	5	42	100	20	250	300	5	42	BloomFilter	SuperSecretSalt1337	2	dice	BloomFilter	SuperSecretSalt1337	2	dice	1024	10	False	10	1024	1024	10	False	10	1024	1024	64	8	True	2000	32	8	True	10	1000	PNG	10	1000	PNG	./data/Daten_PPRL/fakename_1k.tsv	0.8	Both	False	True	False	cosine	MinWeight	-1	0.4	1	833	200.0	20	5	100	0.999	True	10	None		True	0	0.9984984984984985	665	833	833	50.48950242996216	1.2041099071502686	1.1362674236297607	10.011191606521606	10.031923294067383	5.14984130859375e-05	27.984458208084106	0.06256222724914551	48.10208988189697
1720571747.0481474	Node2Vec	0.9	False	128	10	1	True	0.9	False	128	10	1	True	100	20	250	300	5	42	100	20	250	300	5	42	BloomFilter	SuperSecretSalt1337	2	dice	BloomFilter	SuperSecretSalt1337	2	dice	1024	10	False	10	1024	1024	10	False	10	1024	1024	64	8	True	2000	32	8	True	10	1000	PNG	10	1000	PNG	./data/Daten_PPRL/fakename_1k.tsv	0.85	Both	False	True	False	cosine	MinWeight	-1	0.425	1	869	200.0	20	5	100	0.999	True	10	None		True	0	0.9986468200270636	738	869	870	51.212178230285645	1.2343263626098633	1.1569325923919678	10.3812735080719	10.462939500808716	4.649162292480469e-05	27.8638973236084	0.06067776679992676	48.77839016914368
1720571773.161118	Node2Vec	0.9	False	128	10	1	True	0.9	False	128	10	1	True	100	20	250	300	5	42	100	20	250	300	5	42	BloomFilter	SuperSecretSalt1337	2	dice	BloomFilter	SuperSecretSalt1337	2	dice	1024	10	False	10	1024	1024	10	False	10	1024	1024	64	8	True	2000	32	8	True	10	1000	PNG	10	1000	PNG	./data/Daten_PPRL/fakename_1k.tsv	0.9	Both	False	True	False	cosine	MinWeight	-1	0.45	1	909	200.0	20	5	100	0.999	True	10	None		True	0	1.0	818	909	909	26.111878156661987	1.2196190357208252	1.2319974899291992	10.790569305419922	10.890131711959839	2.765655517578125e-05	1.8742845058441162	0.0502932071685791	23.614944219589233
1720571833.1884952	Node2Vec	0.9	False	128	10	1	True	0.9	False	128	10	1	True	100	20	250	300	5	42	100	20	250	300	5	42	BloomFilter	SuperSecretSalt1337	2	dice	BloomFilter	SuperSecretSalt1337	2	dice	1024	10	False	10	1024	1024	10	False	10	1024	1024	64	8	True	2000	32	8	True	10	1000	PNG	10	1000	PNG	./data/Daten_PPRL/fakename_1k.tsv	0.95	Both	False	True	False	cosine	MinWeight	-1	0.475	1	952	200.0	20	5	100	0.999	True	10	None		True	0	1.0	904	952	952	60.02579736709595	1.2582590579986572	1.2029366493225098	11.225191354751587	11.113135814666748	4.696846008300781e-05	35.0870316028595	0.07390236854553223	57.50895428657532
1720571902.3206193	Node2Vec	0.9	False	128	10	1	True	0.9	False	128	10	1	True	100	20	250	300	5	42	100	20	250	300	5	42	BloomFilter	SuperSecretSalt1337	2	dice	BloomFilter	SuperSecretSalt1337	2	dice	1024	10	False	10	1024	1024	10	False	10	1024	1024	64	8	True	2000	32	8	True	10	1000	PNG	10	1000	PNG	./data/Daten_PPRL/fakename_1k.tsv	1.0	Both	False	True	False	cosine	MinWeight	-1	0.5	1	1000	200.0	20	5	100	0.999	True	10	None		True	0	1.0	1000	1000	1000	69.1309905052185	1.2651493549346924	1.2317523956298828	11.82565426826477	11.75261926651001	4.744529724121094e-05	42.946680784225464	0.04746842384338379	66.5822262763977
1720572205.5562692	Node2Vec	0.9	False	128	10	1	True	0.9	False	128	10	1	True	100	20	250	300	5	42	100	20	250	300	5	42	BloomFilter	SuperSecretSalt1337	2	dice	BloomFilter	SuperSecretSalt1337	2	dice	1024	10	False	10	1024	1024	10	False	10	1024	1024	64	8	True	2000	32	8	True	10	1000	PNG	10	1000	PNG	./data/Daten_PPRL/fakename_2k.tsv	0.05	Both	False	True	False	cosine	MinWeight	-1	0.1	1	1025	200.0	20	5	100	0.999	True	10	None		True	0	0.0	0	1025	1026	303.2345576286316	1.3489151000976562	1.276529312133789	12.071479320526123	12.037776470184326	3.0517578125e-05	276.3038773536682	0.11859822273254395	300.5418963432312
1720572413.333876	Node2Vec	0.9	False	128	10	1	True	0.9	False	128	10	1	True	100	20	250	300	5	42	100	20	250	300	5	42	BloomFilter	SuperSecretSalt1337	2	dice	BloomFilter	SuperSecretSalt1337	2	dice	1024	10	False	10	1024	1024	10	False	10	1024	1024	64	8	True	2000	32	8	True	10	1000	PNG	10	1000	PNG	./data/Daten_PPRL/fakename_2k.tsv	0.1	Both	False	True	False	cosine	MinWeight	-1	0.1	1	1052	200.0	20	5	100	0.999	True	10	None		True	0	0.0	0	1052	1053	207.77645754814148	1.3097162246704102	1.2916254997253418	12.41506814956665	12.296353578567505	3.361701965332031e-05	180.26622128486633	0.11815810203552246	205.10615754127502
1720572499.859541	Node2Vec	0.9	False	128	10	1	True	0.9	False	128	10	1	True	100	20	250	300	5	42	100	20	250	300	5	42	BloomFilter	SuperSecretSalt1337	2	dice	BloomFilter	SuperSecretSalt1337	2	dice	1024	10	False	10	1024	1024	10	False	10	1024	1024	64	8	True	2000	32	8	True	10	1000	PNG	10	1000	PNG	./data/Daten_PPRL/fakename_2k.tsv	0.15	Both	False	True	False	cosine	MinWeight	-1	0.1	1	1081	200.0	20	5	100	0.999	True	10	None		True	0	0.006172839506172839	1	1081	1081	86.52282190322876	1.376528263092041	1.310699462890625	12.597620964050293	12.705551385879517	4.9114227294921875e-05	58.3133978843689	0.1435236930847168	83.77012324333191
1720572593.6537988	Node2Vec	0.9	False	128	10	1	True	0.9	False	128	10	1	True	100	20	250	300	5	42	100	20	250	300	5	42	BloomFilter	SuperSecretSalt1337	2	dice	BloomFilter	SuperSecretSalt1337	2	dice	1024	10	False	10	1024	1024	10	False	10	1024	1024	64	8	True	2000	32	8	True	10	1000	PNG	10	1000	PNG	./data/Daten_PPRL/fakename_2k.tsv	0.2	Both	False	True	False	cosine	MinWeight	-1	0.1	1	1111	200.0	20	5	100	0.999	True	10	None		True	0	0.02702702702702703	6	1111	1111	93.79349422454834	1.3767378330230713	1.3701574802398682	13.212782859802246	13.029044151306152	2.8848648071289062e-05	64.59204530715942	0.13781499862670898	90.9816415309906
1720572761.3675084	Node2Vec	0.9	False	128	10	1	True	0.9	False	128	10	1	True	100	20	250	300	5	42	100	20	250	300	5	42	BloomFilter	SuperSecretSalt1337	2	dice	BloomFilter	SuperSecretSalt1337	2	dice	1024	10	False	10	1024	1024	10	False	10	1024	1024	64	8	True	2000	32	8	True	10	1000	PNG	10	1000	PNG	./data/Daten_PPRL/fakename_2k.tsv	0.25	Both	False	True	False	cosine	MinWeight	-1	0.125	1	1142	200.0	20	5	100	0.999	True	10	None		True	0	0.010526315789473684	3	1142	1143	167.7129156589508	1.3784916400909424	1.3673131465911865	13.304459810256958	13.33761215209961	3.218650817871094e-05	138.11027646064758	0.1318821907043457	164.89468240737915
1720572847.9183915	Node2Vec	0.9	False	128	10	1	True	0.9	False	128	10	1	True	100	20	250	300	5	42	100	20	250	300	5	42	BloomFilter	SuperSecretSalt1337	2	dice	BloomFilter	SuperSecretSalt1337	2	dice	1024	10	False	10	1024	1024	10	False	10	1024	1024	64	8	True	2000	32	8	True	10	1000	PNG	10	1000	PNG	./data/Daten_PPRL/fakename_2k.tsv	0.3	Both	False	True	False	cosine	MinWeight	-1	0.15	1	1176	200.0	20	5	100	0.999	True	10	None		True	0	0.017045454545454544	6	1176	1176	86.54998135566711	1.4009675979614258	1.3931753635406494	13.544378280639648	13.63213062286377	3.170967102050781e-05	56.36255931854248	0.13512349128723145	83.68495559692383
1720572952.013347	Node2Vec	0.9	False	128	10	1	True	0.9	False	128	10	1	True	100	20	250	300	5	42	100	20	250	300	5	42	BloomFilter	SuperSecretSalt1337	2	dice	BloomFilter	SuperSecretSalt1337	2	dice	1024	10	False	10	1024	1024	10	False	10	1024	1024	64	8	True	2000	32	8	True	10	1000	PNG	10	1000	PNG	./data/Daten_PPRL/fakename_2k.tsv	0.35	Both	False	True	False	cosine	MinWeight	-1	0.175	1	1212	200.0	20	5	100	0.999	True	10	None		True	0	0.03773584905660377	16	1212	1212	104.0929811000824	1.4262824058532715	1.4552662372589111	14.196754217147827	13.98944878578186	4.6253204345703125e-05	72.79411458969116	0.1369771957397461	101.12810730934143
1720573027.47744	Node2Vec	0.9	False	128	10	1	True	0.9	False	128	10	1	True	100	20	250	300	5	42	100	20	250	300	5	42	BloomFilter	SuperSecretSalt1337	2	dice	BloomFilter	SuperSecretSalt1337	2	dice	1024	10	False	10	1024	1024	10	False	10	1024	1024	64	8	True	2000	32	8	True	10	1000	PNG	10	1000	PNG	./data/Daten_PPRL/fakename_2k.tsv	0.4	Both	False	True	False	cosine	MinWeight	-1	0.2	1	1250	200.0	20	5	100	0.999	True	10	None		True	0	0.038	19	1250	1250	75.46319007873535	1.4738848209381104	1.451401948928833	14.610502004623413	14.504099607467651	2.9087066650390625e-05	43.23886799812317	0.08819866180419922	72.45218777656555
1720573090.9077184	Node2Vec	0.9	False	128	10	1	True	0.9	False	128	10	1	True	100	20	250	300	5	42	100	20	250	300	5	42	BloomFilter	SuperSecretSalt1337	2	dice	BloomFilter	SuperSecretSalt1337	2	dice	1024	10	False	10	1024	1024	10	False	10	1024	1024	64	8	True	2000	32	8	True	10	1000	PNG	10	1000	PNG	./data/Daten_PPRL/fakename_2k.tsv	0.45	Both	False	True	False	cosine	MinWeight	-1	0.225	1	1290	200.0	20	5	100	0.999	True	10	None		True	0	0.020689655172413793	12	1290	1290	63.42749786376953	1.4903860092163086	1.4645867347717285	15.124851703643799	14.80655288696289	5.1021575927734375e-05	30.337894439697266	0.08693647384643555	60.36740279197693
1720573173.977531	Node2Vec	0.9	False	128	10	1	True	0.9	False	128	10	1	True	100	20	250	300	5	42	100	20	250	300	5	42	BloomFilter	SuperSecretSalt1337	2	dice	BloomFilter	SuperSecretSalt1337	2	dice	1024	10	False	10	1024	1024	10	False	10	1024	1024	64	8	True	2000	32	8	True	10	1000	PNG	10	1000	PNG	./data/Daten_PPRL/fakename_2k.tsv	0.5	Both	False	True	False	cosine	MinWeight	-1	0.25	1	1333	200.0	20	5	100	0.999	True	10	None		True	0	0.08108108108108109	54	1333	1333	83.06852293014526	1.5480670928955078	1.5655670166015625	15.68601679801941	15.342876672744751	2.86102294921875e-05	48.66114687919617	0.16816139221191406	79.86956787109375
1720573229.627729	Node2Vec	0.9	False	128	10	1	True	0.9	False	128	10	1	True	100	20	250	300	5	42	100	20	250	300	5	42	BloomFilter	SuperSecretSalt1337	2	dice	BloomFilter	SuperSecretSalt1337	2	dice	1024	10	False	10	1024	1024	10	False	10	1024	1024	64	8	True	2000	32	8	True	10	1000	PNG	10	1000	PNG	./data/Daten_PPRL/fakename_2k.tsv	0.55	Both	False	True	False	cosine	MinWeight	-1	0.275	1	1379	200.0	20	5	100	0.999	True	10	None		True	0	0.9986807387862797	757	1379	1379	55.64882969856262	1.5540039539337158	1.683699607849121	16.05532693862915	15.808236598968506	3.0279159545898438e-05	20.299518823623657	0.14631152153015137	52.3207905292511
1720573267.5285525	Node2Vec	0.9	False	128	10	1	True	0.9	False	128	10	1	True	100	20	250	300	5	42	100	20	250	300	5	42	BloomFilter	SuperSecretSalt1337	2	dice	BloomFilter	SuperSecretSalt1337	2	dice	1024	10	False	10	1024	1024	10	False	10	1024	1024	64	8	True	2000	32	8	True	10	1000	PNG	10	1000	PNG	./data/Daten_PPRL/fakename_2k.tsv	0.6	Both	False	True	False	cosine	MinWeight	-1	0.3	1	1428	200.0	20	5	100	0.999	True	10	None		True	0	0.9976662777129521	855	1428	1429	37.90001320838928	1.5886294841766357	1.584796667098999	16.73935341835022	16.597893953323364	3.147125244140625e-05	1.1553962230682373	0.12212371826171875	34.626275062561035
1720573328.4153252	Node2Vec	0.9	False	128	10	1	True	0.9	False	128	10	1	True	100	20	250	300	5	42	100	20	250	300	5	42	BloomFilter	SuperSecretSalt1337	2	dice	BloomFilter	SuperSecretSalt1337	2	dice	1024	10	False	10	1024	1024	10	False	10	1024	1024	64	8	True	2000	32	8	True	10	1000	PNG	10	1000	PNG	./data/Daten_PPRL/fakename_2k.tsv	0.65	Both	False	True	False	cosine	MinWeight	-1	0.325	1	1481	200.0	20	5	100	0.999	True	10	None		True	0	0.998960498960499	961	1481	1481	60.88580656051636	1.6319265365600586	1.5943775177001953	17.305963039398193	17.681419134140015	4.482269287109375e-05	22.31513786315918	0.23407459259033203	57.55821347236633
1720573391.739071	Node2Vec	0.9	False	128	10	1	True	0.9	False	128	10	1	True	100	20	250	300	5	42	100	20	250	300	5	42	BloomFilter	SuperSecretSalt1337	2	dice	BloomFilter	SuperSecretSalt1337	2	dice	1024	10	False	10	1024	1024	10	False	10	1024	1024	64	8	True	2000	32	8	True	10	1000	PNG	10	1000	PNG	./data/Daten_PPRL/fakename_2k.tsv	0.7	Both	False	True	False	cosine	MinWeight	-1	0.35	1	1538	200.0	20	5	100	0.999	True	10	None		True	0	0.9962825278810409	1072	1538	1538	63.321531772613525	1.775470495223999	1.719639539718628	18.19932723045349	17.83356237411499	2.9087066650390625e-05	23.520421504974365	0.1534287929534912	59.7186803817749
1720573433.3162634	Node2Vec	0.9	False	128	10	1	True	0.9	False	128	10	1	True	100	20	250	300	5	42	100	20	250	300	5	42	BloomFilter	SuperSecretSalt1337	2	dice	BloomFilter	SuperSecretSalt1337	2	dice	1024	10	False	10	1024	1024	10	False	10	1024	1024	64	8	True	2000	32	8	True	10	1000	PNG	10	1000	PNG	./data/Daten_PPRL/fakename_2k.tsv	0.75	Both	False	True	False	cosine	MinWeight	-1	0.375	1	1600	200.0	20	5	100	0.999	True	10	None		True	0	1.0	1200	1600	1600	41.57633686065674	1.823612928390503	1.680497646331787	18.224616289138794	17.860543727874756	3.0279159545898438e-05	1.7281982898712158	0.12367868423461914	37.94887328147888
1720573476.8818004	Node2Vec	0.9	False	128	10	1	True	0.9	False	128	10	1	True	100	20	250	300	5	42	100	20	250	300	5	42	BloomFilter	SuperSecretSalt1337	2	dice	BloomFilter	SuperSecretSalt1337	2	dice	1024	10	False	10	1024	1024	10	False	10	1024	1024	64	8	True	2000	32	8	True	10	1000	PNG	10	1000	PNG	./data/Daten_PPRL/fakename_2k.tsv	0.8	Both	False	True	False	cosine	MinWeight	-1	0.4	1	1666	200.0	20	5	100	0.999	True	10	None		True	0	1.0	1333	1666	1667	43.56468224525452	2.0443360805511475	1.7493987083435059	18.800601482391357	19.00344467163086	3.409385681152344e-05	1.6707403659820557	0.15839362144470215	39.645570039749146
1720573549.12924	Node2Vec	0.9	False	128	10	1	True	0.9	False	128	10	1	True	100	20	250	300	5	42	100	20	250	300	5	42	BloomFilter	SuperSecretSalt1337	2	dice	BloomFilter	SuperSecretSalt1337	2	dice	1024	10	False	10	1024	1024	10	False	10	1024	1024	64	8	True	2000	32	8	True	10	1000	PNG	10	1000	PNG	./data/Daten_PPRL/fakename_2k.tsv	0.85	Both	False	True	False	cosine	MinWeight	-1	0.425	1	1739	200.0	20	5	100	0.999	True	10	None		True	0	1.0	1478	1739	1739	72.24649739265442	1.8409407138824463	2.015413522720337	19.67896604537964	19.66411328315735	2.288818359375e-05	28.705130577087402	0.1897563934326172	68.25053882598877
1720573637.3367586	Node2Vec	0.9	False	128	10	1	True	0.9	False	128	10	1	True	100	20	250	300	5	42	100	20	250	300	5	42	BloomFilter	SuperSecretSalt1337	2	dice	BloomFilter	SuperSecretSalt1337	2	dice	1024	10	False	10	1024	1024	10	False	10	1024	1024	64	8	True	2000	32	8	True	10	1000	PNG	10	1000	PNG	./data/Daten_PPRL/fakename_2k.tsv	0.9	Both	False	True	False	cosine	MinWeight	-1	0.45	1	1818	200.0	20	5	100	0.999	True	10	None		True	0	0.9993887530562348	1635	1818	1818	88.20665884017944	1.8342881202697754	1.8187079429626465	20.784708976745605	20.464882850646973	2.8848648071289062e-05	42.928417682647705	0.21775579452514648	84.40873193740845
1720573688.0603857	Node2Vec	0.9	False	128	10	1	True	0.9	False	128	10	1	True	100	20	250	300	5	42	100	20	250	300	5	42	BloomFilter	SuperSecretSalt1337	2	dice	BloomFilter	SuperSecretSalt1337	2	dice	1024	10	False	10	1024	1024	10	False	10	1024	1024	64	8	True	2000	32	8	True	10	1000	PNG	10	1000	PNG	./data/Daten_PPRL/fakename_2k.tsv	0.95	Both	False	True	False	cosine	MinWeight	-1	0.475	1	1904	200.0	20	5	100	0.999	True	10	None		True	0	1.0	1809	1904	1905	50.72265362739563	1.9146080017089844	1.9323303699493408	21.4060115814209	21.496341228485107	2.8371810913085938e-05	3.6156740188598633	0.18838882446289062	46.719627141952515
1720573755.3230886	Node2Vec	0.9	False	128	10	1	True	0.9	False	128	10	1	True	100	20	250	300	5	42	100	20	250	300	5	42	BloomFilter	SuperSecretSalt1337	2	dice	BloomFilter	SuperSecretSalt1337	2	dice	1024	10	False	10	1024	1024	10	False	10	1024	1024	64	8	True	2000	32	8	True	10	1000	PNG	10	1000	PNG	./data/Daten_PPRL/fakename_2k.tsv	1.0	Both	False	True	False	cosine	MinWeight	-1	0.5	1	2000	200.0	20	5	100	0.999	True	10	None		True	0	1.0	2000	2000	2000	67.26180696487427	1.9317386150360107	1.9362618923187256	22.83422088623047	22.834152221679688	3.075599670410156e-05	17.425257682800293	0.10062503814697266	63.207648038864136
1720574052.226091	Node2Vec	0.9	False	128	10	1	True	0.9	False	128	10	1	True	100	20	250	300	5	42	100	20	250	300	5	42	BloomFilter	SuperSecretSalt1337	2	dice	BloomFilter	SuperSecretSalt1337	2	dice	1024	10	False	10	1024	1024	10	False	10	1024	1024	64	8	True	2000	32	8	True	10	1000	PNG	10	1000	PNG	./data/Daten_PPRL/fakename_5k.tsv	0.05	Both	False	True	False	cosine	MinWeight	-1	0.1	1	2564	200.0	20	5	100	0.999	True	10	None		True	0	0.078125	10	2564	2564	296.9013252258301	2.2985126972198486	2.2714755535125732	29.778780221939087	29.44963550567627	3.0040740966796875e-05	232.43706512451172	0.20318317413330078	291.8846220970154
1720574485.9097526	Node2Vec	0.9	False	128	10	1	True	0.9	False	128	10	1	True	100	20	250	300	5	42	100	20	250	300	5	42	BloomFilter	SuperSecretSalt1337	2	dice	BloomFilter	SuperSecretSalt1337	2	dice	1024	10	False	10	1024	1024	10	False	10	1024	1024	64	8	True	2000	32	8	True	10	1000	PNG	10	1000	PNG	./data/Daten_PPRL/fakename_5k.tsv	0.1	Both	False	True	False	cosine	MinWeight	-1	0.1	1	2631	200.0	20	5	100	0.999	True	10	None		True	0	0.11406844106463879	30	2631	2632	433.6826226711273	2.270512342453003	2.2720651626586914	30.714305639266968	30.838117599487305	2.9087066650390625e-05	366.2326920032501	1.0112643241882324	428.8149344921112
1720574999.1779878	Node2Vec	0.9	False	128	10	1	True	0.9	False	128	10	1	True	100	20	250	300	5	42	100	20	250	300	5	42	BloomFilter	SuperSecretSalt1337	2	dice	BloomFilter	SuperSecretSalt1337	2	dice	1024	10	False	10	1024	1024	10	False	10	1024	1024	64	8	True	2000	32	8	True	10	1000	PNG	10	1000	PNG	./data/Daten_PPRL/fakename_5k.tsv	0.15	Both	False	True	False	cosine	MinWeight	-1	0.1	1	2702	200.0	20	5	100	0.999	True	10	None		True	0	0.08395061728395062	34	2702	2703	513.2670860290527	2.3191583156585693	2.3433146476745605	31.238046884536743	31.65651559829712	3.123283386230469e-05	444.28230834007263	1.0526907444000244	508.2457683086395
1720575393.734516	Node2Vec	0.9	False	128	10	1	True	0.9	False	128	10	1	True	100	20	250	300	5	42	100	20	250	300	5	42	BloomFilter	SuperSecretSalt1337	2	dice	BloomFilter	SuperSecretSalt1337	2	dice	1024	10	False	10	1024	1024	10	False	10	1024	1024	64	8	True	2000	32	8	True	10	1000	PNG	10	1000	PNG	./data/Daten_PPRL/fakename_5k.tsv	0.2	Both	False	True	False	cosine	MinWeight	-1	0.1	1	2777	200.0	20	5	100	0.999	True	10	None		True	0	0.12432432432432433	69	2777	2778	394.5554690361023	2.4111974239349365	2.4301252365112305	32.676074504852295	32.710548639297485	3.1948089599609375e-05	322.6828861236572	1.2219393253326416	389.3081922531128
1720575664.779761	Node2Vec	0.9	False	128	10	1	True	0.9	False	128	10	1	True	100	20	250	300	5	42	100	20	250	300	5	42	BloomFilter	SuperSecretSalt1337	2	dice	BloomFilter	SuperSecretSalt1337	2	dice	1024	10	False	10	1024	1024	10	False	10	1024	1024	64	8	True	2000	32	8	True	10	1000	PNG	10	1000	PNG	./data/Daten_PPRL/fakename_5k.tsv	0.25	Both	False	True	False	cosine	MinWeight	-1	0.125	1	2857	200.0	20	5	100	0.999	True	10	None		True	0	0.06022408963585434	43	2857	2857	271.0440273284912	2.474039077758789	2.498908519744873	33.20222043991089	33.510403633117676	3.0279159545898438e-05	198.62547039985657	0.31838369369506836	265.67417645454407
1720575753.633427	Node2Vec	0.9	False	128	10	1	True	0.9	False	128	10	1	True	100	20	250	300	5	42	100	20	250	300	5	42	BloomFilter	SuperSecretSalt1337	2	dice	BloomFilter	SuperSecretSalt1337	2	dice	1024	10	False	10	1024	1024	10	False	10	1024	1024	64	8	True	2000	32	8	True	10	1000	PNG	10	1000	PNG	./data/Daten_PPRL/fakename_5k.tsv	0.3	Both	False	True	False	cosine	MinWeight	-1	0.15	1	2941	200.0	20	5	100	0.999	True	10	None		True	0	1.0	882	2941	2941	88.8524763584137	2.515294313430786	2.5711262226104736	34.44956016540527	34.98618173599243	2.956390380859375e-05	13.455107927322388	0.46700406074523926	83.37495446205139
1720575835.7215476	Node2Vec	0.9	False	128	10	1	True	0.9	False	128	10	1	True	100	20	250	300	5	42	100	20	250	300	5	42	BloomFilter	SuperSecretSalt1337	2	dice	BloomFilter	SuperSecretSalt1337	2	dice	1024	10	False	10	1024	1024	10	False	10	1024	1024	64	8	True	2000	32	8	True	10	1000	PNG	10	1000	PNG	./data/Daten_PPRL/fakename_5k.tsv	0.35	Both	False	True	False	cosine	MinWeight	-1	0.175	1	3030	200.0	20	5	100	0.999	True	10	None		True	0	0.9981132075471698	1058	3030	3030	82.08698177337646	2.6013808250427246	2.59435772895813	35.744338274002075	35.62058091163635	2.7894973754882812e-05	4.557009696960449	0.5529074668884277	76.49225735664368
1720575920.2376761	Node2Vec	0.9	False	128	10	1	True	0.9	False	128	10	1	True	100	20	250	300	5	42	100	20	250	300	5	42	BloomFilter	SuperSecretSalt1337	2	dice	BloomFilter	SuperSecretSalt1337	2	dice	1024	10	False	10	1024	1024	10	False	10	1024	1024	64	8	True	2000	32	8	True	10	1000	PNG	10	1000	PNG	./data/Daten_PPRL/fakename_5k.tsv	0.4	Both	False	True	False	cosine	MinWeight	-1	0.2	1	3125	200.0	20	5	100	0.999	True	10	None		True	0	0.9984	1248	3125	3125	84.51496481895447	2.683361291885376	2.7012975215911865	36.77911829948425	37.11279821395874	2.7894973754882812e-05	4.256629705429077	0.521580696105957	78.68806624412537
1720576008.6452346	Node2Vec	0.9	False	128	10	1	True	0.9	False	128	10	1	True	100	20	250	300	5	42	100	20	250	300	5	42	BloomFilter	SuperSecretSalt1337	2	dice	BloomFilter	SuperSecretSalt1337	2	dice	1024	10	False	10	1024	1024	10	False	10	1024	1024	64	8	True	2000	32	8	True	10	1000	PNG	10	1000	PNG	./data/Daten_PPRL/fakename_5k.tsv	0.45	Both	False	True	False	cosine	MinWeight	-1	0.225	1	3225	200.0	20	5	100	0.999	True	10	None		True	0	1.0	1451	3225	3226	88.40637350082397	2.7230966091156006	2.8213040828704834	38.10481381416321	39.107131481170654	3.8623809814453125e-05	4.381573915481567	0.810847282409668	82.42328667640686
1720576192.5128372	Node2Vec	0.9	False	128	10	1	True	0.9	False	128	10	1	True	100	20	250	300	5	42	100	20	250	300	5	42	BloomFilter	SuperSecretSalt1337	2	dice	BloomFilter	SuperSecretSalt1337	2	dice	1024	10	False	10	1024	1024	10	False	10	1024	1024	64	8	True	2000	32	8	True	10	1000	PNG	10	1000	PNG	./data/Daten_PPRL/fakename_5k.tsv	0.5	Both	False	True	False	cosine	MinWeight	-1	0.25	1	3333	200.0	20	5	100	0.999	True	10	None		True	0	0.9987995198079231	1664	3333	3333	183.8663685321808	2.94191312789917	3.095019578933716	41.20105695724487	40.00585460662842	3.266334533691406e-05	94.81684803962708	1.2933471202850342	177.33645939826965
1720576287.6169405	Node2Vec	0.9	False	128	10	1	True	0.9	False	128	10	1	True	100	20	250	300	5	42	100	20	250	300	5	42	BloomFilter	SuperSecretSalt1337	2	dice	BloomFilter	SuperSecretSalt1337	2	dice	1024	10	False	10	1024	1024	10	False	10	1024	1024	64	8	True	2000	32	8	True	10	1000	PNG	10	1000	PNG	./data/Daten_PPRL/fakename_5k.tsv	0.55	Both	False	True	False	cosine	MinWeight	-1	0.275	1	3448	200.0	20	5	100	0.999	True	10	None		True	0	1.0	1896	3448	3448	95.10282826423645	2.9822113513946533	2.9301953315734863	41.40001034736633	41.604395389556885	2.9325485229492188e-05	4.949088096618652	0.7171518802642822	88.68974184989929
1720576387.300999	Node2Vec	0.9	False	128	10	1	True	0.9	False	128	10	1	True	100	20	250	300	5	42	100	20	250	300	5	42	BloomFilter	SuperSecretSalt1337	2	dice	BloomFilter	SuperSecretSalt1337	2	dice	1024	10	False	10	1024	1024	10	False	10	1024	1024	64	8	True	2000	32	8	True	10	1000	PNG	10	1000	PNG	./data/Daten_PPRL/fakename_5k.tsv	0.6	Both	False	True	False	cosine	MinWeight	-1	0.3	1	3571	200.0	20	5	100	0.999	True	10	None		True	0	1.0	2142	3571	3571	99.6827802658081	3.0355124473571777	3.0779154300689697	43.206068992614746	43.227150201797485	4.38690185546875e-05	5.676301717758179	0.873121976852417	93.00272583961487
1720576491.776029	Node2Vec	0.9	False	128	10	1	True	0.9	False	128	10	1	True	100	20	250	300	5	42	100	20	250	300	5	42	BloomFilter	SuperSecretSalt1337	2	dice	BloomFilter	SuperSecretSalt1337	2	dice	1024	10	False	10	1024	1024	10	False	10	1024	1024	64	8	True	2000	32	8	True	10	1000	PNG	10	1000	PNG	./data/Daten_PPRL/fakename_5k.tsv	0.65	Both	False	True	False	cosine	MinWeight	-1	0.325	1	3703	200.0	20	5	100	0.999	True	10	None		True	0	1.0	2407	3703	3704	104.47375011444092	3.2470853328704834	3.1413815021514893	44.820568561553955	45.23477387428284	3.0517578125e-05	6.378485918045044	1.0080173015594482	97.46243858337402
1720576601.1849315	Node2Vec	0.9	False	128	10	1	True	0.9	False	128	10	1	True	100	20	250	300	5	42	100	20	250	300	5	42	BloomFilter	SuperSecretSalt1337	2	dice	BloomFilter	SuperSecretSalt1337	2	dice	1024	10	False	10	1024	1024	10	False	10	1024	1024	64	8	True	2000	32	8	True	10	1000	PNG	10	1000	PNG	./data/Daten_PPRL/fakename_5k.tsv	0.7	Both	False	True	False	cosine	MinWeight	-1	0.35	1	3846	200.0	20	5	100	0.999	True	10	None		True	0	1.0	2692	3846	3846	109.40762948989868	3.2815897464752197	3.458880662918091	46.58134627342224	47.38364505767822	3.0994415283203125e-05	7.185935735702515	0.9218170642852783	102.0928304195404
1720576717.2203813	Node2Vec	0.9	False	128	10	1	True	0.9	False	128	10	1	True	100	20	250	300	5	42	100	20	250	300	5	42	BloomFilter	SuperSecretSalt1337	2	dice	BloomFilter	SuperSecretSalt1337	2	dice	1024	10	False	10	1024	1024	10	False	10	1024	1024	64	8	True	2000	32	8	True	10	1000	PNG	10	1000	PNG	./data/Daten_PPRL/fakename_5k.tsv	0.75	Both	False	True	False	cosine	MinWeight	-1	0.375	1	4000	200.0	20	5	100	0.999	True	10	None		True	0	1.0	3000	4000	4000	116.03417301177979	3.348132848739624	3.3850178718566895	49.23406958580017	49.25316071510315	5.459785461425781e-05	8.310267925262451	1.0901355743408203	107.909184217453
1720576848.6654377	Node2Vec	0.9	False	128	10	1	True	0.9	False	128	10	1	True	100	20	250	300	5	42	100	20	250	300	5	42	BloomFilter	SuperSecretSalt1337	2	dice	BloomFilter	SuperSecretSalt1337	2	dice	1024	10	False	10	1024	1024	10	False	10	1024	1024	64	8	True	2000	32	8	True	10	1000	PNG	10	1000	PNG	./data/Daten_PPRL/fakename_5k.tsv	0.8	Both	False	True	False	cosine	MinWeight	-1	0.4	1	4166	200.0	20	5	100	0.999	True	10	None		True	0	1.0	3333	4166	4167	131.44366359710693	3.5352678298950195	3.5819993019104004	51.7146520614624	52.051546573638916	3.123283386230469e-05	18.716073751449585	1.0737416744232178	123.5781557559967
1720576982.3345375	Node2Vec	0.9	False	128	10	1	True	0.9	False	128	10	1	True	100	20	250	300	5	42	100	20	250	300	5	42	BloomFilter	SuperSecretSalt1337	2	dice	BloomFilter	SuperSecretSalt1337	2	dice	1024	10	False	10	1024	1024	10	False	10	1024	1024	64	8	True	2000	32	8	True	10	1000	PNG	10	1000	PNG	./data/Daten_PPRL/fakename_5k.tsv	0.85	Both	False	True	False	cosine	MinWeight	-1	0.425	1	4347	200.0	20	5	100	0.999	True	10	None		True	0	1.0	3695	4347	4348	133.66765546798706	3.709211587905884	3.6585679054260254	55.25175905227661	57.100727558135986	3.361701965332031e-05	11.952714681625366	1.2354872226715088	125.56349611282349
1720577123.04864	Node2Vec	0.9	False	128	10	1	True	0.9	False	128	10	1	True	100	20	250	300	5	42	100	20	250	300	5	42	BloomFilter	SuperSecretSalt1337	2	dice	BloomFilter	SuperSecretSalt1337	2	dice	1024	10	False	10	1024	1024	10	False	10	1024	1024	64	8	True	2000	32	8	True	10	1000	PNG	10	1000	PNG	./data/Daten_PPRL/fakename_5k.tsv	0.9	Both	False	True	False	cosine	MinWeight	-1	0.45	1	4545	200.0	20	5	100	0.999	True	10	None		True	0	1.0	4090	4545	4545	140.71273851394653	3.95973539352417	4.016102075576782	57.86894774436951	57.78230381011963	2.956390380859375e-05	15.162992477416992	1.131892204284668	131.9687614440918
1720577275.40233	Node2Vec	0.9	False	128	10	1	True	0.9	False	128	10	1	True	100	20	250	300	5	42	100	20	250	300	5	42	BloomFilter	SuperSecretSalt1337	2	dice	BloomFilter	SuperSecretSalt1337	2	dice	1024	10	False	10	1024	1024	10	False	10	1024	1024	64	8	True	2000	32	8	True	10	1000	PNG	10	1000	PNG	./data/Daten_PPRL/fakename_5k.tsv	0.95	Both	False	True	False	cosine	MinWeight	-1	0.475	1	4761	200.0	20	5	100	0.999	True	10	None		True	0	1.0	4523	4761	4762	152.35225820541382	4.217420816421509	4.157437324523926	60.804978370666504	61.670417070388794	3.314018249511719e-05	19.206583261489868	1.385554552078247	143.0921175479889
1720577439.5602639	Node2Vec	0.9	False	128	10	1	True	0.9	False	128	10	1	True	100	20	250	300	5	42	100	20	250	300	5	42	BloomFilter	SuperSecretSalt1337	2	dice	BloomFilter	SuperSecretSalt1337	2	dice	1024	10	False	10	1024	1024	10	False	10	1024	1024	64	8	True	2000	32	8	True	10	1000	PNG	10	1000	PNG	./data/Daten_PPRL/fakename_5k.tsv	1.0	Both	False	True	False	cosine	MinWeight	-1	0.5	1	5000	200.0	20	5	100	0.999	True	10	None		True	0	1.0	5000	5000	5000	164.15641283988953	4.371148109436035	4.483721494674683	66.49800205230713	64.99226641654968	3.0994415283203125e-05	22.471295833587646	0.3943796157836914	154.3810772895813
1720578365.992709	Node2Vec	0.9	False	128	10	1	True	0.9	False	128	10	1	True	100	20	250	300	5	42	100	20	250	300	5	42	BloomFilter	SuperSecretSalt1337	2	dice	BloomFilter	SuperSecretSalt1337	2	dice	1024	10	False	10	1024	1024	10	False	10	1024	1024	64	8	True	2000	32	8	True	10	1000	PNG	10	1000	PNG	./data/Daten_PPRL/fakename_10k.tsv	0.05	Both	False	True	False	cosine	MinWeight	-1	0.1	1	5128	200.0	20	5	100	0.999	True	10	None		True	0	1.0	256	5128	5128	926.4309723377228	4.54951548576355	4.628990173339844	67.22523522377014	67.46962475776672	3.0279159545898438e-05	777.7945928573608	3.583292245864868	916.0981035232544
1720579225.044888	Node2Vec	0.9	False	128	10	1	True	0.9	False	128	10	1	True	100	20	250	300	5	42	100	20	250	300	5	42	BloomFilter	SuperSecretSalt1337	2	dice	BloomFilter	SuperSecretSalt1337	2	dice	1024	10	False	10	1024	1024	10	False	10	1024	1024	64	8	True	2000	32	8	True	10	1000	PNG	10	1000	PNG	./data/Daten_PPRL/fakename_10k.tsv	0.1	Both	False	True	False	cosine	MinWeight	-1	0.1	1	5263	200.0	20	5	100	0.999	True	10	None		True	0	0.9923954372623575	522	5263	5263	859.0504860877991	4.6333723068237305	4.69754958152771	69.96327352523804	70.21921730041504	2.956390380859375e-05	703.5754749774933	4.633612632751465	848.4168140888214
1720579404.9051104	Node2Vec	0.9	False	128	10	1	True	0.9	False	128	10	1	True	100	20	250	300	5	42	100	20	250	300	5	42	BloomFilter	SuperSecretSalt1337	2	dice	BloomFilter	SuperSecretSalt1337	2	dice	1024	10	False	10	1024	1024	10	False	10	1024	1024	64	8	True	2000	32	8	True	10	1000	PNG	10	1000	PNG	./data/Daten_PPRL/fakename_10k.tsv	0.15	Both	False	True	False	cosine	MinWeight	-1	0.1	1	5405	200.0	20	5	100	0.999	True	10	None		True	0	0.9827160493827161	796	5405	5405	179.8586187362671	4.837352514266968	5.045697450637817	72.72589993476868	72.75964260101318	3.075599670410156e-05	20.913724660873413	2.2086260318756104	168.63565754890442
1720579601.6135364	Node2Vec	0.9	False	128	10	1	True	0.9	False	128	10	1	True	100	20	250	300	5	42	100	20	250	300	5	42	BloomFilter	SuperSecretSalt1337	2	dice	BloomFilter	SuperSecretSalt1337	2	dice	1024	10	False	10	1024	1024	10	False	10	1024	1024	64	8	True	2000	32	8	True	10	1000	PNG	10	1000	PNG	./data/Daten_PPRL/fakename_10k.tsv	0.2	Both	False	True	False	cosine	MinWeight	-1	0.1	1	5555	200.0	20	5	100	0.999	True	10	None		True	0	1.0	1111	5555	5556	196.70678901672363	4.966305255889893	4.935160160064697	75.46527099609375	75.59382390975952	2.9325485229492188e-05	31.153363943099976	3.1057417392730713	185.34584140777588
1720579801.082997	Node2Vec	0.9	False	128	10	1	True	0.9	False	128	10	1	True	100	20	250	300	5	42	100	20	250	300	5	42	BloomFilter	SuperSecretSalt1337	2	dice	BloomFilter	SuperSecretSalt1337	2	dice	1024	10	False	10	1024	1024	10	False	10	1024	1024	64	8	True	2000	32	8	True	10	1000	PNG	10	1000	PNG	./data/Daten_PPRL/fakename_10k.tsv	0.25	Both	False	True	False	cosine	MinWeight	-1	0.125	1	5714	200.0	20	5	100	0.999	True	10	None		True	0	0.9985994397759104	1426	5714	5714	199.4676432609558	5.556708812713623	5.519524812698364	80.07266521453857	78.79188275337219	2.9802322387695312e-05	25.260977268218994	2.396139144897461	186.55149030685425
1720580283.0182626	Node2Vec	0.9	False	128	10	1	True	0.9	False	128	10	1	True	100	20	250	300	5	42	100	20	250	300	5	42	BloomFilter	SuperSecretSalt1337	2	dice	BloomFilter	SuperSecretSalt1337	2	dice	1024	10	False	10	1024	1024	10	False	10	1024	1024	64	8	True	2000	32	8	True	10	1000	PNG	10	1000	PNG	./data/Daten_PPRL/fakename_10k.tsv	0.3	Both	False	True	False	cosine	MinWeight	-1	0.15	1	5882	200.0	20	5	100	0.999	True	10	None		True	0	0.9988662131519275	1762	5882	5882	481.93347430229187	5.300408363342285	5.385964632034302	80.98532176017761	81.26519393920898	4.7206878662109375e-05	302.89625453948975	4.484438180923462	469.65945196151733
1720580487.3573349	Node2Vec	0.9	False	128	10	1	True	0.9	False	128	10	1	True	100	20	250	300	5	42	100	20	250	300	5	42	BloomFilter	SuperSecretSalt1337	2	dice	BloomFilter	SuperSecretSalt1337	2	dice	1024	10	False	10	1024	1024	10	False	10	1024	1024	64	8	True	2000	32	8	True	10	1000	PNG	10	1000	PNG	./data/Daten_PPRL/fakename_10k.tsv	0.35	Both	False	True	False	cosine	MinWeight	-1	0.175	1	6060	200.0	20	5	100	0.999	True	10	None		True	0	1.0	2121	6060	6061	204.33648204803467	5.650488376617432	5.689289331436157	83.87098407745361	85.83302569389343	3.409385681152344e-05	18.099422454833984	3.71258544921875	191.54786324501038
1720580700.9775226	Node2Vec	0.9	False	128	10	1	True	0.9	False	128	10	1	True	100	20	250	300	5	42	100	20	250	300	5	42	BloomFilter	SuperSecretSalt1337	2	dice	BloomFilter	SuperSecretSalt1337	2	dice	1024	10	False	10	1024	1024	10	False	10	1024	1024	64	8	True	2000	32	8	True	10	1000	PNG	10	1000	PNG	./data/Daten_PPRL/fakename_10k.tsv	0.4	Both	False	True	False	cosine	MinWeight	-1	0.2	1	6250	200.0	20	5	100	0.999	True	10	None		True	0	1.0	2500	6250	6250	213.61833667755127	6.399533033370972	5.900273084640503	87.97784733772278	88.19125938415527	3.0517578125e-05	20.12831449508667	3.2673306465148926	199.59820580482483
1720580935.0139003	Node2Vec	0.9	False	128	10	1	True	0.9	False	128	10	1	True	100	20	250	300	5	42	100	20	250	300	5	42	BloomFilter	SuperSecretSalt1337	2	dice	BloomFilter	SuperSecretSalt1337	2	dice	1024	10	False	10	1024	1024	10	False	10	1024	1024	64	8	True	2000	32	8	True	10	1000	PNG	10	1000	PNG	./data/Daten_PPRL/fakename_10k.tsv	0.45	Both	False	True	False	cosine	MinWeight	-1	0.225	1	6451	200.0	20	5	100	0.999	True	10	None		True	0	0.9996555287633483	2902	6451	6452	234.03467416763306	6.231398105621338	6.34285831451416	92.47194981575012	91.64503526687622	2.9802322387695312e-05	31.561437845230103	4.046198129653931	219.7604157924652
1720581176.150287	Node2Vec	0.9	False	128	10	1	True	0.9	False	128	10	1	True	100	20	250	300	5	42	100	20	250	300	5	42	BloomFilter	SuperSecretSalt1337	2	dice	BloomFilter	SuperSecretSalt1337	2	dice	1024	10	False	10	1024	1024	10	False	10	1024	1024	64	8	True	2000	32	8	True	10	1000	PNG	10	1000	PNG	./data/Daten_PPRL/fakename_10k.tsv	0.5	Both	False	True	False	cosine	MinWeight	-1	0.25	1	6666	200.0	20	5	100	0.999	True	10	None		True	0	1.0	3333	6666	6667	241.13451099395752	6.352310419082642	6.435782432556152	95.44070386886597	94.57275128364563	3.0279159545898438e-05	32.004886865615845	4.4006712436676025	226.45058131217957
1720581544.0185363	Node2Vec	0.9	False	128	10	1	True	0.9	False	128	10	1	True	100	20	250	300	5	42	100	20	250	300	5	42	BloomFilter	SuperSecretSalt1337	2	dice	BloomFilter	SuperSecretSalt1337	2	dice	1024	10	False	10	1024	1024	10	False	10	1024	1024	64	8	True	2000	32	8	True	10	1000	PNG	10	1000	PNG	./data/Daten_PPRL/fakename_10k.tsv	0.55	Both	False	True	False	cosine	MinWeight	-1	0.275	1	6896	200.0	20	5	100	0.999	True	10	None		True	0	0.9992090693382547	3790	6896	6897	367.8662531375885	6.671544551849365	6.69452691078186	100.3430163860321	103.94013977050781	2.86102294921875e-05	141.82909512519836	6.462864398956299	352.6079182624817
1720581815.4569268	Node2Vec	0.9	False	128	10	1	True	0.9	False	128	10	1	True	100	20	250	300	5	42	100	20	250	300	5	42	BloomFilter	SuperSecretSalt1337	2	dice	BloomFilter	SuperSecretSalt1337	2	dice	1024	10	False	10	1024	1024	10	False	10	1024	1024	64	8	True	2000	32	8	True	10	1000	PNG	10	1000	PNG	./data/Daten_PPRL/fakename_10k.tsv	0.6	Both	False	True	False	cosine	MinWeight	-1	0.3	1	7142	200.0	20	5	100	0.999	True	10	None		True	0	0.9997666277712952	4284	7142	7143	271.4363830089569	7.018004894256592	7.203715562820435	105.0104341506958	105.67140984535217	0.0025110244750976562	40.033501386642456	4.650686264038086	255.40289115905762
1720582083.9236567	Node2Vec	0.9	False	128	10	1	True	0.9	False	128	10	1	True	100	20	250	300	5	42	100	20	250	300	5	42	BloomFilter	SuperSecretSalt1337	2	dice	BloomFilter	SuperSecretSalt1337	2	dice	1024	10	False	10	1024	1024	10	False	10	1024	1024	64	8	True	2000	32	8	True	10	1000	PNG	10	1000	PNG	./data/Daten_PPRL/fakename_10k.tsv	0.65	Both	False	True	False	cosine	MinWeight	-1	0.325	1	7407	200.0	20	5	100	0.999	True	10	None		True	0	1.0	4814	7407	7407	268.4648356437683	7.455087184906006	7.604166030883789	110.7311954498291	108.65814328193665	0.0003364086151123047	27.20346975326538	4.531797885894775	251.15927577018738
1720582598.3822274	Node2Vec	0.9	False	128	10	1	True	0.9	False	128	10	1	True	100	20	250	300	5	42	100	20	250	300	5	42	BloomFilter	SuperSecretSalt1337	2	dice	BloomFilter	SuperSecretSalt1337	2	dice	1024	10	False	10	1024	1024	10	False	10	1024	1024	64	8	True	2000	32	8	True	10	1000	PNG	10	1000	PNG	./data/Daten_PPRL/fakename_10k.tsv	0.7	Both	False	True	False	cosine	MinWeight	-1	0.35	1	7692	200.0	20	5	100	0.999	True	10	None		True	0	0.99962852897474	5382	7692	7692	514.4564595222473	7.894258260726929	8.01403021812439	115.17244625091553	119.65037274360657	0.0003707408905029297	256.11382579803467	5.415628910064697	496.3897752761841
1720582906.6552875	Node2Vec	0.9	False	128	10	1	True	0.9	False	128	10	1	True	100	20	250	300	5	42	100	20	250	300	5	42	BloomFilter	SuperSecretSalt1337	2	dice	BloomFilter	SuperSecretSalt1337	2	dice	1024	10	False	10	1024	1024	10	False	10	1024	1024	64	8	True	2000	32	8	True	10	1000	PNG	10	1000	PNG	./data/Daten_PPRL/fakename_10k.tsv	0.75	Both	False	True	False	cosine	MinWeight	-1	0.375	1	8000	200.0	20	5	100	0.999	True	10	None		True	0	0.9996666666666667	5998	8000	8000	308.2709209918976	8.55007791519165	8.635114192962646	122.22795724868774	123.44785332679749	0.00031828880310058594	38.01308727264404	4.839397668838501	288.5660638809204
1720583259.5958333	Node2Vec	0.9	False	128	10	1	True	0.9	False	128	10	1	True	100	20	250	300	5	42	100	20	250	300	5	42	BloomFilter	SuperSecretSalt1337	2	dice	BloomFilter	SuperSecretSalt1337	2	dice	1024	10	False	10	1024	1024	10	False	10	1024	1024	64	8	True	2000	32	8	True	10	1000	PNG	10	1000	PNG	./data/Daten_PPRL/fakename_10k.tsv	0.8	Both	False	True	False	cosine	MinWeight	-1	0.4	1	8333	200.0	20	5	100	0.999	True	10	None		True	0	1.0	6666	8333	8333	352.93832659721375	9.04088568687439	9.25845718383789	131.70677185058594	131.04846715927124	0.0005898475646972656	63.55134558677673	5.4511635303497314	331.7971205711365
1720583640.398015	Node2Vec	0.9	False	128	10	1	True	0.9	False	128	10	1	True	100	20	250	300	5	42	100	20	250	300	5	42	BloomFilter	SuperSecretSalt1337	2	dice	BloomFilter	SuperSecretSalt1337	2	dice	1024	10	False	10	1024	1024	10	False	10	1024	1024	64	8	True	2000	32	8	True	10	1000	PNG	10	1000	PNG	./data/Daten_PPRL/fakename_10k.tsv	0.85	Both	False	True	False	cosine	MinWeight	-1	0.425	1	8695	200.0	20	5	100	0.999	True	10	None		True	0	1.0	7391	8695	8696	380.7997691631317	10.01608681678772	9.971302509307861	137.24312663078308	137.28495717048645	0.0004677772521972656	77.04227948188782	5.843500852584839	357.4563844203949
1720584053.0500562	Node2Vec	0.9	False	128	10	1	True	0.9	False	128	10	1	True	100	20	250	300	5	42	100	20	250	300	5	42	BloomFilter	SuperSecretSalt1337	2	dice	BloomFilter	SuperSecretSalt1337	2	dice	1024	10	False	10	1024	1024	10	False	10	1024	1024	64	8	True	2000	32	8	True	10	1000	PNG	10	1000	PNG	./data/Daten_PPRL/fakename_10k.tsv	0.9	Both	False	True	False	cosine	MinWeight	-1	0.45	1	9090	200.0	20	5	100	0.999	True	10	None		True	0	1.0	8181	9090	9091	412.64962339401245	10.144587993621826	10.409544706344604	149.180846452713	148.95404839515686	0.0005609989166259766	85.12050676345825	5.701436519622803	389.00063610076904
1720584574.6734824	Node2Vec	0.9	False	128	10	1	True	0.9	False	128	10	1	True	100	20	250	300	5	42	100	20	250	300	5	42	BloomFilter	SuperSecretSalt1337	2	dice	BloomFilter	SuperSecretSalt1337	2	dice	1024	10	False	10	1024	1024	10	False	10	1024	1024	64	8	True	2000	32	8	True	10	1000	PNG	10	1000	PNG	./data/Daten_PPRL/fakename_10k.tsv	0.95	Both	False	True	False	cosine	MinWeight	-1	0.475	1	9523	200.0	20	5	100	0.999	True	10	None		True	0	0.9998894661213662	9046	9523	9524	521.6209721565247	11.364010334014893	11.567934274673462	160.46683979034424	158.68860864639282	0.0004799365997314453	171.087872505188	5.092770338058472	495.3834846019745
1720585027.5908558	Node2Vec	0.9	False	128	10	1	True	0.9	False	128	10	1	True	100	20	250	300	5	42	100	20	250	300	5	42	BloomFilter	SuperSecretSalt1337	2	dice	BloomFilter	SuperSecretSalt1337	2	dice	1024	10	False	10	1024	1024	10	False	10	1024	1024	64	8	True	2000	32	8	True	10	1000	PNG	10	1000	PNG	./data/Daten_PPRL/fakename_10k.tsv	1.0	Both	False	True	False	cosine	MinWeight	-1	0.5	1	10000	200.0	20	5	100	0.999	True	10	None		True	0	1.0	10000	10000	10000	452.91481041908264	13.55325198173523	13.212948322296143	172.3066475391388	170.582594871521	0.0004858970642089844	78.04775834083557	1.3236346244812012	422.3142075538635
1720593285.8996825	Node2Vec	0.9	False	128	10	1	True	0.9	False	128	10	1	True	100	20	250	300	5	42	100	20	250	300	5	42	BloomFilter	SuperSecretSalt1337	2	dice	BloomFilter	SuperSecretSalt1337	2	dice	1024	10	False	10	1024	1024	10	False	10	1024	1024	64	8	True	2000	32	8	True	10	1000	PNG	10	1000	PNG	./data/Daten_PPRL/fakename_20k.tsv	0.05	Both	False	True	False	cosine	MinWeight	-1	0.1	1	10256	200.0	20	5	100	0.999	True	10	None		True	0	1.0	512	10256	10256	2351.6480169296265	11.54411792755127	11.9402015209198	178.57160472869873	177.60978174209595	0.00044155120849609375	1942.4079282283783	24.316514492034912	2322.9586181640625
1720595374.6948733	Node2Vec	0.9	False	128	10	1	True	0.9	False	128	10	1	True	100	20	250	300	5	42	100	20	250	300	5	42	BloomFilter	SuperSecretSalt1337	2	dice	BloomFilter	SuperSecretSalt1337	2	dice	1024	10	False	10	1024	1024	10	False	10	1024	1024	64	8	True	2000	32	8	True	10	1000	PNG	10	1000	PNG	./data/Daten_PPRL/fakename_20k.tsv	0.1	Both	False	True	False	cosine	MinWeight	-1	0.1	1	10526	200.0	20	5	100	0.999	True	10	None		True	0	0.9828897338403042	1034	10526	10526	2088.7918331623077	12.319456100463867	12.465165615081787	183.2213020324707	182.67376327514648	0.0006079673767089844	1679.921033859253	12.768900871276855	2058.6368956565857
1720595913.1093972	Node2Vec	0.9	False	128	10	1	True	0.9	False	128	10	1	True	100	20	250	300	5	42	100	20	250	300	5	42	BloomFilter	SuperSecretSalt1337	2	dice	BloomFilter	SuperSecretSalt1337	2	dice	1024	10	False	10	1024	1024	10	False	10	1024	1024	64	8	True	2000	32	8	True	10	1000	PNG	10	1000	PNG	./data/Daten_PPRL/fakename_20k.tsv	0.15	Both	False	True	False	cosine	MinWeight	-1	0.1	1	10810	200.0	20	5	100	0.999	True	10	None		True	0	0.999383096853794	1620	10810	10811	538.4117367267609	13.444469690322876	13.36571741104126	191.35246586799622	187.72782135009766	5.316734313964844e-05	112.0823884010315	15.64245080947876	506.8496220111847
1720596456.4906323	Node2Vec	0.9	False	128	10	1	True	0.9	False	128	10	1	True	100	20	250	300	5	42	100	20	250	300	5	42	BloomFilter	SuperSecretSalt1337	2	dice	BloomFilter	SuperSecretSalt1337	2	dice	1024	10	False	10	1024	1024	10	False	10	1024	1024	64	8	True	2000	32	8	True	10	1000	PNG	10	1000	PNG	./data/Daten_PPRL/fakename_20k.tsv	0.2	Both	False	True	False	cosine	MinWeight	-1	0.1	1	11111	200.0	20	5	100	0.999	True	10	None		True	0	1.0	2222	11111	11111	543.3782286643982	14.15310001373291	14.285765886306763	197.91619658470154	198.06807398796082	4.887580871582031e-05	97.84301853179932	16.108811616897583	509.98388290405273
1720597032.4591057	Node2Vec	0.9	False	128	10	1	True	0.9	False	128	10	1	True	100	20	250	300	5	42	100	20	250	300	5	42	BloomFilter	SuperSecretSalt1337	2	dice	BloomFilter	SuperSecretSalt1337	2	dice	1024	10	False	10	1024	1024	10	False	10	1024	1024	64	8	True	2000	32	8	True	10	1000	PNG	10	1000	PNG	./data/Daten_PPRL/fakename_20k.tsv	0.25	Both	False	True	False	cosine	MinWeight	-1	0.125	1	11428	200.0	20	5	100	0.999	True	10	None		True	0	0.999649982499125	2856	11428	11429	575.9653322696686	14.497156620025635	15.429721117019653	208.71584606170654	206.7212107181549	4.839897155761719e-05	109.0816695690155	16.39326572418213	540.9617083072662
1720597623.2799447	Node2Vec	0.9	False	128	10	1	True	0.9	False	128	10	1	True	100	20	250	300	5	42	100	20	250	300	5	42	BloomFilter	SuperSecretSalt1337	2	dice	BloomFilter	SuperSecretSalt1337	2	dice	1024	10	False	10	1024	1024	10	False	10	1024	1024	64	8	True	2000	32	8	True	10	1000	PNG	10	1000	PNG	./data/Daten_PPRL/fakename_20k.tsv	0.3	Both	False	True	False	cosine	MinWeight	-1	0.15	1	11764	200.0	20	5	100	0.999	True	10	None		True	0	0.9997166336072542	3528	11764	11765	590.8173189163208	15.48856806755066	15.453600883483887	213.9300639629364	211.72540521621704	4.673004150390625e-05	110.96729564666748	18.05838656425476	554.7290408611298
1720598222.564643	Node2Vec	0.9	False	128	10	1	True	0.9	False	128	10	1	True	100	20	250	300	5	42	100	20	250	300	5	42	BloomFilter	SuperSecretSalt1337	2	dice	BloomFilter	SuperSecretSalt1337	2	dice	1024	10	False	10	1024	1024	10	False	10	1024	1024	64	8	True	2000	32	8	True	10	1000	PNG	10	1000	PNG	./data/Daten_PPRL/fakename_20k.tsv	0.35	Both	False	True	False	cosine	MinWeight	-1	0.175	1	12121	200.0	20	5	100	0.999	True	10	None		True	0	1.0	4242	12121	12121	599.2812716960907	17.294978857040405	17.99311065673828	226.0548222064972	222.52212190628052	4.458427429199219e-05	89.86460375785828	19.562145948410034	558.0528991222382
1720598900.0026534	Node2Vec	0.9	False	128	10	1	True	0.9	False	128	10	1	True	100	20	250	300	5	42	100	20	250	300	5	42	BloomFilter	SuperSecretSalt1337	2	dice	BloomFilter	SuperSecretSalt1337	2	dice	1024	10	False	10	1024	1024	10	False	10	1024	1024	64	8	True	2000	32	8	True	10	1000	PNG	10	1000	PNG	./data/Daten_PPRL/fakename_20k.tsv	0.4	Both	False	True	False	cosine	MinWeight	-1	0.2	1	12500	200.0	20	5	100	0.999	True	10	None		True	0	0.9998	4999	12500	12500	677.4346194267273	17.71768546104431	18.328149795532227	245.5874583721161	234.88714361190796	5.602836608886719e-05	136.39930319786072	18.84293508529663	635.7693026065826
1720599572.6334262	Node2Vec	0.9	False	128	10	1	True	0.9	False	128	10	1	True	100	20	250	300	5	42	100	20	250	300	5	42	BloomFilter	SuperSecretSalt1337	2	dice	BloomFilter	SuperSecretSalt1337	2	dice	1024	10	False	10	1024	1024	10	False	10	1024	1024	64	8	True	2000	32	8	True	10	1000	PNG	10	1000	PNG	./data/Daten_PPRL/fakename_20k.tsv	0.45	Both	False	True	False	cosine	MinWeight	-1	0.225	1	12903	200.0	20	5	100	0.999	True	10	None		True	0	0.9996555287633483	5804	12903	12903	672.6271431446075	19.421128749847412	19.2145836353302	244.46087193489075	252.00378346443176	5.0067901611328125e-05	112.14056754112244	19.13798475265503	627.7957854270935
1720600266.9803517	Node2Vec	0.9	False	128	10	1	True	0.9	False	128	10	1	True	100	20	250	300	5	42	100	20	250	300	5	42	BloomFilter	SuperSecretSalt1337	2	dice	BloomFilter	SuperSecretSalt1337	2	dice	1024	10	False	10	1024	1024	10	False	10	1024	1024	64	8	True	2000	32	8	True	10	1000	PNG	10	1000	PNG	./data/Daten_PPRL/fakename_20k.tsv	0.5	Both	False	True	False	cosine	MinWeight	-1	0.25	1	13333	200.0	20	5	100	0.999	True	10	None		True	0	0.9998499849984999	6665	13333	13333	694.3431375026703	21.584081649780273	23.055652141571045	263.0030252933502	260.42298412323	4.76837158203125e-05	100.20229434967041	19.21643590927124	642.9001307487488
1720601151.601938	Node2Vec	0.9	False	128	10	1	True	0.9	False	128	10	1	True	100	20	250	300	5	42	100	20	250	300	5	42	BloomFilter	SuperSecretSalt1337	2	dice	BloomFilter	SuperSecretSalt1337	2	dice	1024	10	False	10	1024	1024	10	False	10	1024	1024	64	8	True	2000	32	8	True	10	1000	PNG	10	1000	PNG	./data/Daten_PPRL/fakename_20k.tsv	0.55	Both	False	True	False	cosine	MinWeight	-1	0.275	1	13793	200.0	20	5	100	0.999	True	10	None		True	0	1.0	7586	13793	13793	884.6175231933594	25.7984516620636	24.26173996925354	275.0542948246002	274.9363212585449	5.459785461425781e-05	256.75151109695435	21.191092491149902	827.9971225261688
1720602020.5308542	Node2Vec	0.9	False	128	10	1	True	0.9	False	128	10	1	True	100	20	250	300	5	42	100	20	250	300	5	42	BloomFilter	SuperSecretSalt1337	2	dice	BloomFilter	SuperSecretSalt1337	2	dice	1024	10	False	10	1024	1024	10	False	10	1024	1024	64	8	True	2000	32	8	True	10	1000	PNG	10	1000	PNG	./data/Daten_PPRL/fakename_20k.tsv	0.6	Both	False	True	False	cosine	MinWeight	-1	0.3	1	14285	200.0	20	5	100	0.999	True	10	None		True	0	0.9997666549994166	8569	14285	14286	868.9248838424683	25.728442668914795	30.46197819709778	296.003888130188	288.6293647289276	4.982948303222656e-05	195.98301434516907	24.137179136276245	804.8141729831696
1720602871.0636091	Node2Vec	0.9	False	128	10	1	True	0.9	False	128	10	1	True	100	20	250	300	5	42	100	20	250	300	5	42	BloomFilter	SuperSecretSalt1337	2	dice	BloomFilter	SuperSecretSalt1337	2	dice	1024	10	False	10	1024	1024	10	False	10	1024	1024	64	8	True	2000	32	8	True	10	1000	PNG	10	1000	PNG	./data/Daten_PPRL/fakename_20k.tsv	0.65	Both	False	True	False	cosine	MinWeight	-1	0.325	1	14814	200.0	20	5	100	0.999	True	10	None		True	0	0.999792294111538	9627	14814	14815	850.5283439159393	28.698413133621216	30.50007462501526	311.57748007774353	307.5786888599396	0.0003249645233154297	137.40509796142578	27.08072519302368	783.702397108078
1720604700.8281093	Node2Vec	0.9	False	128	10	1	True	0.9	False	128	10	1	True	100	20	250	300	5	42	100	20	250	300	5	42	BloomFilter	SuperSecretSalt1337	2	dice	BloomFilter	SuperSecretSalt1337	2	dice	1024	10	False	10	1024	1024	10	False	10	1024	1024	64	8	True	2000	32	8	True	10	1000	PNG	10	1000	PNG	./data/Daten_PPRL/fakename_20k.tsv	0.7	Both	False	True	False	cosine	MinWeight	-1	0.35	1	15384	200.0	20	5	100	0.999	True	10	None		True	0	0.9995357043365215	10764	15384	15385	1829.760137796402	30.676148176193237	32.33853030204773	330.4577775001526	323.24378275871277	0.0006241798400878906	1069.2758021354675	34.88338565826416	1757.9217336177826
1720605985.9641817	Node2Vec	0.9	False	128	10	1	True	0.9	False	128	10	1	True	100	20	250	300	5	42	100	20	250	300	5	42	BloomFilter	SuperSecretSalt1337	2	dice	BloomFilter	SuperSecretSalt1337	2	dice	1024	10	False	10	1024	1024	10	False	10	1024	1024	64	8	True	2000	32	8	True	10	1000	PNG	10	1000	PNG	./data/Daten_PPRL/fakename_20k.tsv	0.75	Both	False	True	False	cosine	MinWeight	-1	0.375	1	16000	200.0	20	5	100	0.999	True	10	None		True	0	0.9998333333333334	11998	16000	16000	1285.131151676178	35.05504488945007	36.18925929069519	358.23423767089844	348.2045786380768	0.0006220340728759766	473.3081293106079	25.279150009155273	1205.0923464298248
1720607436.3779898	Node2Vec	0.9	False	128	10	1	True	0.9	False	128	10	1	True	100	20	250	300	5	42	100	20	250	300	5	42	BloomFilter	SuperSecretSalt1337	2	dice	BloomFilter	SuperSecretSalt1337	2	dice	1024	10	False	10	1024	1024	10	False	10	1024	1024	64	8	True	2000	32	8	True	10	1000	PNG	10	1000	PNG	./data/Daten_PPRL/fakename_20k.tsv	0.8	Both	False	True	False	cosine	MinWeight	-1	0.4	1	16666	200.0	20	5	100	0.999	True	10	None		True	0	0.9999249981249532	13332	16666	16667	1450.4091708660126	39.035563468933105	39.42744040489197	372.308438539505	370.215580701828	0.0006601810455322266	591.6477916240692	27.481528520584106	1361.7193191051483
1720608580.8184838	Node2Vec	0.9	False	128	10	1	True	0.9	False	128	10	1	True	100	20	250	300	5	42	100	20	250	300	5	42	BloomFilter	SuperSecretSalt1337	2	dice	BloomFilter	SuperSecretSalt1337	2	dice	1024	10	False	10	1024	1024	10	False	10	1024	1024	64	8	True	2000	32	8	True	10	1000	PNG	10	1000	PNG	./data/Daten_PPRL/fakename_20k.tsv	0.85	Both	False	True	False	cosine	MinWeight	-1	0.425	1	17391	200.0	20	5	100	0.999	True	10	None		True	0	0.9998647003111892	14780	17391	17391	1144.4354047775269	43.33771324157715	43.95400023460388	406.01630759239197	393.6047730445862	0.0007643699645996094	225.85605764389038	21.624429941177368	1047.1720085144043
1720609814.6581306	Node2Vec	0.9	False	128	10	1	True	0.9	False	128	10	1	True	100	20	250	300	5	42	100	20	250	300	5	42	BloomFilter	SuperSecretSalt1337	2	dice	BloomFilter	SuperSecretSalt1337	2	dice	1024	10	False	10	1024	1024	10	False	10	1024	1024	64	8	True	2000	32	8	True	10	1000	PNG	10	1000	PNG	./data/Daten_PPRL/fakename_20k.tsv	0.9	Both	False	True	False	cosine	MinWeight	-1	0.45	1	18181	200.0	20	5	100	0.999	True	10	None		True	0	1.0	16363	18181	18182	1233.834620475769	48.15650200843811	48.97812604904175	426.9973814487457	430.44736337661743	0.0009145736694335938	236.72626161575317	31.13994002342224	1125.383748292923
1720611908.5728638	Node2Vec	0.9	False	128	10	1	True	0.9	False	128	10	1	True	100	20	250	300	5	42	100	20	250	300	5	42	BloomFilter	SuperSecretSalt1337	2	dice	BloomFilter	SuperSecretSalt1337	2	dice	1024	10	False	10	1024	1024	10	False	10	1024	1024	64	8	True	2000	32	8	True	10	1000	PNG	10	1000	PNG	./data/Daten_PPRL/fakename_20k.tsv	0.95	Both	False	True	False	cosine	MinWeight	-1	0.475	1	19047	200.0	20	5	100	0.999	True	10	None		True	0	0.9999447361149488	18094	19047	19048	2093.9037425518036	52.916136503219604	53.54792404174805	462.45522236824036	457.2412223815918	0.0009658336639404297	1027.2527191638947	28.262569427490234	1975.2937767505646
1720613368.4252684	Node2Vec	0.9	False	128	10	1	True	0.9	False	128	10	1	True	100	20	250	300	5	42	100	20	250	300	5	42	BloomFilter	SuperSecretSalt1337	2	dice	BloomFilter	SuperSecretSalt1337	2	dice	1024	10	False	10	1024	1024	10	False	10	1024	1024	64	8	True	2000	32	8	True	10	1000	PNG	10	1000	PNG	./data/Daten_PPRL/fakename_20k.tsv	1.0	Both	False	True	False	cosine	MinWeight	-1	0.5	1	20000	200.0	20	5	100	0.999	True	10	None		True	0	1.0	20000	20000	20000	1459.8464846611023	58.66741991043091	60.551501512527466	495.6329770088196	499.310444355011	0.001046895980834961	327.5689380168915	4.191794157028198	1326.7868835926056
1720621428.4503813	Node2Vec	0.9	False	128	10	1	True	0.9	False	128	10	1	True	100	20	250	300	5	42	100	20	250	300	5	42	BloomFilter	SuperSecretSalt1337	2	dice	BloomFilter	SuperSecretSalt1337	2	dice	1024	10	False	10	1024	1024	10	False	10	1024	1024	64	8	True	2000	32	8	True	10	1000	PNG	10	1000	PNG	./data/Daten_PPRL/fakename_50k.tsv	0.05	Both	False	True	False	cosine	MinWeight	-1	0.1	1	20000	200.0	20	5	100	0.999	True	10	None		True	0	0.9758190327613104	1251	25641	25641	8060.019335508347	96.94555974006653	97.51155638694763	756.0544333457947	765.4638049602509	0.0015132427215576172	6166.6631581783295	147.53037428855896	7835.812240600586
1720623782.0768418	Node2Vec	0.9	False	128	10	1	True	0.9	False	128	10	1	True	100	20	250	300	5	42	100	20	250	300	5	42	BloomFilter	SuperSecretSalt1337	2	dice	BloomFilter	SuperSecretSalt1337	2	dice	1024	10	False	10	1024	1024	10	False	10	1024	1024	64	8	True	2000	32	8	True	10	1000	PNG	10	1000	PNG	./data/Daten_PPRL/fakename_50k.tsv	0.1	Both	False	True	False	cosine	MinWeight	-1	0.1	1	20000	200.0	20	5	100	0.999	True	10	None		True	0	0.9334853667806917	2456	26315	26316	2353.616967201233	100.2751395702362	101.65831565856934	792.9524264335632	800.8261675834656	0.0008103847503662109	358.0772805213928	169.4343559741974	2121.3965718746185
1720626265.2675083	Node2Vec	0.9	False	128	10	1	True	0.9	False	128	10	1	True	100	20	250	300	5	42	100	20	250	300	5	42	BloomFilter	SuperSecretSalt1337	2	dice	BloomFilter	SuperSecretSalt1337	2	dice	1024	10	False	10	1024	1024	10	False	10	1024	1024	64	8	True	2000	32	8	True	10	1000	PNG	10	1000	PNG	./data/Daten_PPRL/fakename_50k.tsv	0.15	Both	False	True	False	cosine	MinWeight	-1	0.1	1	20000	200.0	20	5	100	0.999	True	10	None		True	0	0.9819930932412432	3981	27027	27027	2483.182458639145	107.81258392333984	107.43248343467712	836.2382912635803	836.2324974536896	0.0008473396301269531	409.43977999687195	153.20522928237915	2235.225027322769
1720628877.6370296	Node2Vec	0.9	False	128	10	1	True	0.9	False	128	10	1	True	100	20	250	300	5	42	100	20	250	300	5	42	BloomFilter	SuperSecretSalt1337	2	dice	BloomFilter	SuperSecretSalt1337	2	dice	1024	10	False	10	1024	1024	10	False	10	1024	1024	64	8	True	2000	32	8	True	10	1000	PNG	10	1000	PNG	./data/Daten_PPRL/fakename_50k.tsv	0.2	Both	False	True	False	cosine	MinWeight	-1	0.1	1	20000	200.0	20	5	100	0.999	True	10	None		True	0	0.996039603960396	5533	27777	27778	2612.3603110313416	113.59834218025208	117.9361732006073	884.530514717102	884.9470312595367	0.0009238719940185547	415.58990120887756	165.09152936935425	2350.274379491806
1720633710.6368368	Node2Vec	0.9	False	128	10	1	True	0.9	False	128	10	1	True	100	20	250	300	5	42	100	20	250	300	5	42	BloomFilter	SuperSecretSalt1337	2	dice	BloomFilter	SuperSecretSalt1337	2	dice	1024	10	False	10	1024	1024	10	False	10	1024	1024	64	8	True	2000	32	8	True	10	1000	PNG	10	1000	PNG	./data/Daten_PPRL/fakename_50k.tsv	0.25	Both	False	True	False	cosine	MinWeight	-1	0.125	1	20000	200.0	20	5	100	0.999	True	10	None		True	0	0.9743769252310277	6959	28571	28571	2586.526654481888	116.22267556190491	118.39480113983154	925.8130342960358	921.045159816742	0.0019021034240722656	289.1976191997528	183.28147792816162	2319.4519090652466
1720637410.5853925	Node2Vec	0.9	False	128	10	1	True	0.9	False	128	10	1	True	100	20	250	300	5	42	100	20	250	300	5	42	BloomFilter	SuperSecretSalt1337	2	dice	BloomFilter	SuperSecretSalt1337	2	dice	1024	10	False	10	1024	1024	10	False	10	1024	1024	64	8	True	2000	32	8	True	10	1000	PNG	10	1000	PNG	./data/Daten_PPRL/fakename_50k.tsv	0.3	Both	False	True	False	cosine	MinWeight	-1	0.15	1	20000	200.0	20	5	100	0.999	True	10	None		True	0	0.999659979598776	8820	29411	29412	3699.939738512039	123.61276817321777	125.64483284950256	963.4020302295685	972.5416798591614	5.412101745605469e-05	1288.2228393554688	189.93056178092957	3414.2131798267365
1720641754.7172756	Node2Vec	0.9	False	128	10	1	True	0.9	False	128	10	1	True	100	20	250	300	5	42	100	20	250	300	5	42	BloomFilter	SuperSecretSalt1337	2	dice	BloomFilter	SuperSecretSalt1337	2	dice	1024	10	False	10	1024	1024	10	False	10	1024	1024	64	8	True	2000	32	8	True	10	1000	PNG	10	1000	PNG	./data/Daten_PPRL/fakename_50k.tsv	0.35	Both	False	True	False	cosine	MinWeight	-1	0.175	1	20000	200.0	20	5	100	0.999	True	10	None		True	0	0.9987742787101641	10593	30303	30303	4344.123000621796	130.58492469787598	133.16754865646362	1022.3872747421265	1018.128740310669	4.696846008300781e-05	1666.4842011928558	333.5556185245514	4040.671363592148
1720644743.591178	Node2Vec	0.9	False	128	10	1	True	0.9	False	128	10	1	True	100	20	250	300	5	42	100	20	250	300	5	42	BloomFilter	SuperSecretSalt1337	2	dice	BloomFilter	SuperSecretSalt1337	2	dice	1024	10	False	10	1024	1024	10	False	10	1024	1024	64	8	True	2000	32	8	True	10	1000	PNG	10	1000	PNG	./data/Daten_PPRL/fakename_50k.tsv	0.4	Both	False	True	False	cosine	MinWeight	-1	0.2	1	20000	200.0	20	5	100	0.999	True	10	None		True	0	0.99976	12497	31250	31250	2988.8648838996887	138.4171597957611	141.31449627876282	1071.7272193431854	1068.8118453025818	4.9114227294921875e-05	338.7377247810364	188.64353322982788	2668.0466289520264
1720376734.6971407	Node2Vec	0.9	False	128	10	1	True	0.9	False	128	10	1	True	100	20	250	300	5	42	100	20	250	300	5	42	BloomFilter	SuperSecretSalt1337	2	dice	BloomFilter	SuperSecretSalt1337	2	dice	1024	10	False	10	1024	1024	10	False	10	1024	1024	64	8	True	2000	32	8	True	10	1000	PNG	10	1000	PNG	./data/Daten_PPRL/fakename_50k.tsv	0.45	Both	False	True	False	cosine	MinWeight	-1	0.225	1	20000	200.0	20	5	100	0.999	True	10	None		True	0	0.99986222099752	14514	32258	32258	3073.359444618225	149.57436227798462	150.9897437095642	1153.8675808906555	1143.9424550533295	0.0022013187408447266	227.69782137870789	204.20877170562744	2729.839945793152
1720379955.4788156	Node2Vec	0.9	False	128	10	1	True	0.9	False	128	10	1	True	100	20	250	300	5	42	100	20	250	300	5	42	BloomFilter	SuperSecretSalt1337	2	dice	BloomFilter	SuperSecretSalt1337	2	dice	1024	10	False	10	1024	1024	10	False	10	1024	1024	64	8	True	2000	32	8	True	10	1000	PNG	10	1000	PNG	./data/Daten_PPRL/fakename_50k.tsv	0.5	Both	False	True	False	cosine	MinWeight	-1	0.25	1	20000	200.0	20	5	100	0.999	True	10	None		True	0	0.999579983199328	16659	33333	33333	3220.7722868919373	157.98668479919434	162.5986213684082	1219.8189718723297	1207.0200471878052	5.6743621826171875e-05	222.30547213554382	207.78391337394714	2857.054033756256
1720383352.5370717	Node2Vec	0.9	False	128	10	1	True	0.9	False	128	10	1	True	100	20	250	300	5	42	100	20	250	300	5	42	BloomFilter	SuperSecretSalt1337	2	dice	BloomFilter	SuperSecretSalt1337	2	dice	1024	10	False	10	1024	1024	10	False	10	1024	1024	64	8	True	2000	32	8	True	10	1000	PNG	10	1000	PNG	./data/Daten_PPRL/fakename_50k.tsv	0.55	Both	False	True	False	cosine	MinWeight	-1	0.275	1	20000	200.0	20	5	100	0.999	True	10	None		True	0	0.9996836277353018	18959	34482	34483	3397.0481860637665	168.0869824886322	171.0031464099884	1280.7885947227478	1280.6416912078857	5.817413330078125e-05	212.77989649772644	238.4406499862671	3012.784321308136
1720386969.809943	Node2Vec	0.9	False	128	10	1	True	0.9	False	128	10	1	True	100	20	250	300	5	42	100	20	250	300	5	42	BloomFilter	SuperSecretSalt1337	2	dice	BloomFilter	SuperSecretSalt1337	2	dice	1024	10	False	10	1024	1024	10	False	10	1024	1024	64	8	True	2000	32	8	True	10	1000	PNG	10	1000	PNG	./data/Daten_PPRL/fakename_50k.tsv	0.6	Both	False	True	False	cosine	MinWeight	-1	0.3	1	20000	200.0	20	5	100	0.999	True	10	None		True	0	0.9997666604442785	21423	35714	35714	3617.260540008545	182.978107213974	186.253333568573	1399.633516550064	1373.4568972587585	5.650520324707031e-05	205.48685812950134	221.41814708709717	3200.1369004249573
1720390783.8246765	Node2Vec	0.9	False	128	10	1	True	0.9	False	128	10	1	True	100	20	250	300	5	42	100	20	250	300	5	42	BloomFilter	SuperSecretSalt1337	2	dice	BloomFilter	SuperSecretSalt1337	2	dice	1024	10	False	10	1024	1024	10	False	10	1024	1024	64	8	True	2000	32	8	True	10	1000	PNG	10	1000	PNG	./data/Daten_PPRL/fakename_50k.tsv	0.65	Both	False	True	False	cosine	MinWeight	-1	0.325	1	20000	200.0	20	5	100	0.999	True	10	None		True	0	0.999833845642602	24070	37037	37037	3814.00408244133	196.08777356147766	196.4576382637024	1469.8196411132812	1455.926248550415	5.555152893066406e-05	195.61634874343872	249.40016651153564	3370.9073615074158
1720395981.6323268	Node2Vec	0.9	False	128	10	1	True	0.9	False	128	10	1	True	100	20	250	300	5	42	100	20	250	300	5	42	BloomFilter	SuperSecretSalt1337	2	dice	BloomFilter	SuperSecretSalt1337	2	dice	1024	10	False	10	1024	1024	10	False	10	1024	1024	64	8	True	2000	32	8	True	10	1000	PNG	10	1000	PNG	./data/Daten_PPRL/fakename_50k.tsv	0.7	Both	False	True	False	cosine	MinWeight	-1	0.35	1	20000	200.0	20	5	100	0.999	True	10	None		True	0	0.9994057125877502	26907	38461	38462	5197.7963535785675	209.1821699142456	211.5946843624115	1572.4725852012634	1565.8970675468445	5.0067901611328125e-05	1233.492384672165	354.5247664451599	4726.53538441658
1720400450.3170886	Node2Vec	0.9	False	128	10	1	True	0.9	False	128	10	1	True	100	20	250	300	5	42	100	20	250	300	5	42	BloomFilter	SuperSecretSalt1337	2	dice	BloomFilter	SuperSecretSalt1337	2	dice	1024	10	False	10	1024	1024	10	False	10	1024	1024	64	8	True	2000	32	8	True	10	1000	PNG	10	1000	PNG	./data/Daten_PPRL/fakename_50k.tsv	0.75	Both	False	True	False	cosine	MinWeight	-1	0.375	1	20000	200.0	20	5	100	0.999	True	10	None		True	0	0.9998666666666667	29996	40000	40000	4468.673364162445	225.14420652389526	227.17919182777405	1711.6270503997803	1666.1158096790314	5.125999450683594e-05	370.8476083278656	210.43225264549255	3959.1727271080017
1720405144.1567497	Node2Vec	0.9	False	128	10	1	True	0.9	False	128	10	1	True	100	20	250	300	5	42	100	20	250	300	5	42	BloomFilter	SuperSecretSalt1337	2	dice	BloomFilter	SuperSecretSalt1337	2	dice	1024	10	False	10	1024	1024	10	False	10	1024	1024	64	8	True	2000	32	8	True	10	1000	PNG	10	1000	PNG	./data/Daten_PPRL/fakename_50k.tsv	0.8	Both	False	True	False	cosine	MinWeight	-1	0.4	1	20000	200.0	20	5	100	0.999	True	10	None		True	0	0.999849998499985	33328	41666	41667	4693.825834989548	245.60065698623657	248.23611092567444	1804.0696697235107	1794.1087481975555	6.4849853515625e-05	266.2587134838104	276.21231722831726	4140.817178726196
1720410024.9219267	Node2Vec	0.9	False	128	10	1	True	0.9	False	128	10	1	True	100	20	250	300	5	42	100	20	250	300	5	42	BloomFilter	SuperSecretSalt1337	2	dice	BloomFilter	SuperSecretSalt1337	2	dice	1024	10	False	10	1024	1024	10	False	10	1024	1024	64	8	True	2000	32	8	True	10	1000	PNG	10	1000	PNG	./data/Daten_PPRL/fakename_50k.tsv	0.85	Both	False	True	False	cosine	MinWeight	-1	0.425	1	20000	200.0	20	5	100	0.999	True	10	None		True	0	0.9997835263556663	36948	43478	43478	4880.753289937973	267.8524158000946	274.5702393054962	1950.8685343265533	1933.7991743087769	0.001989603042602539	170.3550341129303	225.58245134353638	4280.777950525284
1720415724.5611587	Node2Vec	0.9	False	128	10	1	True	0.9	False	128	10	1	True	100	20	250	300	5	42	100	20	250	300	5	42	BloomFilter	SuperSecretSalt1337	2	dice	BloomFilter	SuperSecretSalt1337	2	dice	1024	10	False	10	1024	1024	10	False	10	1024	1024	64	8	True	2000	32	8	True	10	1000	PNG	10	1000	PNG	./data/Daten_PPRL/fakename_50k.tsv	0.9	Both	False	True	False	cosine	MinWeight	-1	0.45	1	20000	200.0	20	5	100	0.999	True	10	None		True	0	0.9998288885086412	40902	45454	45455	5699.6266548633575	298.677508354187	300.773841381073	2121.7440276145935	2109.1291592121124	0.004210233688354492	520.6555228233337	279.6015100479126	5031.317777395248
1720421405.8936563	Node2Vec	0.9	False	128	10	1	True	0.9	False	128	10	1	True	100	20	250	300	5	42	100	20	250	300	5	42	BloomFilter	SuperSecretSalt1337	2	dice	BloomFilter	SuperSecretSalt1337	2	dice	1024	10	False	10	1024	1024	10	False	10	1024	1024	64	8	True	2000	32	8	True	10	1000	PNG	10	1000	PNG	./data/Daten_PPRL/fakename_50k.tsv	0.95	Both	False	True	False	cosine	MinWeight	-1	0.475	1	20000	200.0	20	5	100	0.999	True	10	None		True	0	0.999889473451523	45233	47619	47619	5681.318962574005	323.4590916633606	332.03640389442444	2313.88796377182	2309.5622000694275	0.004502058029174805	163.41588282585144	161.8177251815796	4948.872847080231
1720428878.5481057	Node2Vec	0.9	False	128	10	1	True	0.9	False	128	10	1	True	100	20	250	300	5	42	100	20	250	300	5	42	BloomFilter	SuperSecretSalt1337	2	dice	BloomFilter	SuperSecretSalt1337	2	dice	1024	10	False	10	1024	1024	10	False	10	1024	1024	64	8	True	2000	32	8	True	10	1000	PNG	10	1000	PNG	./data/Daten_PPRL/fakename_50k.tsv	1.0	Both	False	True	False	cosine	MinWeight	-1	0.5	1	20000	200.0	20	5	100	0.999	True	10	None		True	0	1.0	50000	50000	50000	6217.982643604279	353.8911232948303	357.87467551231384	2550.462554693222	2529.7781920433044	0.005121707916259766	310.3003945350647	26.542108058929443	5417.279559135437
