timestamp	Algo	AliceQuantile	AliceDiscretize	AliceDim	AliceContext	AliceNegative	AliceNormalize	EveQuantile	EveDiscretize	EveDim	EveContext	EveNegative	EveNormalize	AliceWalkLen	AliceNWalks	AliceP	AliceQ	AliceEpochs	AliceSeed	EveWalkLen	EveNWalks	EveP	EveQ	EveEpochs	EveSeed	AliceAlgo	AliceSecret	AliceN	AliceMetric	EveAlgo	EveSecret	EveN	EveMetric	AliceBFLength	AliceBits	AliceDiffuse	AliceT	AliceEldLength	EveBFLength	EveBits	EveDiffuse	EveT	EveEldLength	AliceNHash	AliceNHashBits	AliceNSubKeys	Alice1BitHash	EveNHash	EveNHashBits	EveNSubKeys	Eve1BitHash	AliceNHashFunc	AliceNHashCol	AliceRandMode	EveNHashFunc	EveNHashCol	EveRandMode	Data	Overlap	DropFrom	DevMode	BenchMode	Verbose	MatchingMetric	Matching	Workers	Data_error	RegWS	RegInit	Batchsize	LR	NIterWS	NIterInit	NEpochWS	LRDecay	Sqrt	EarlyStopping	Selection	MaxLoad	Wasserstein	Dummy	success_rate	correct	n_alice	n_eve	elapsed_total	elapsed_alice_enc	elapsed_eve_enc	elapsed_alice_emb	elapsed_eve_emb	elapsed_align_prep	elapsed_align	elapsed_mapping	elapsed_relevant	#matched_records	#correct_matches	#false_matches	wrong_rate
1720782261.6628733	Node2Vec	0.9	False	128	10	1	True	0.9	False	128	10	1	True	100	20	250	300	5	42	100	20	250	300	5	42	BloomFilter	SuperSecretSalt1337	2	dice	BloomFilter	SuperSecretSalt1337	2	dice	1024	10	False	10	1024	1024	10	False	10	1024	1024	64	8	True	2000	32	8	True	10	1000	PNG	10	1000	PNG	./data/Daten_PPRL/fakename_1k.tsv	0.05	Both	False	True	False	cosine	MinWeight	-1	0	0.1	1	512	200.0	20	5	100	0.999	True	10	None		True	0	0.0	0	512	513	172.51391005516052	0.699415922164917	0.6905977725982666	8.9711594581604	6.901532173156738	3.0040740966796875e-05	155.16284012794495	0.05934858322143555	171.10169196128845	512	0	512	1.0
1720782311.9983134	Node2Vec	0.9	False	128	10	1	True	0.9	False	128	10	1	True	100	20	250	300	5	42	100	20	250	300	5	42	BloomFilter	SuperSecretSalt1337	2	dice	BloomFilter	SuperSecretSalt1337	2	dice	1024	10	False	10	1024	1024	10	False	10	1024	1024	64	8	True	2000	32	8	True	10	1000	PNG	10	1000	PNG	./data/Daten_PPRL/fakename_1k.tsv	0.1	Both	False	True	False	cosine	MinWeight	-1	0	0.1	1	526	200.0	20	5	100	0.999	True	10	None		True	0	0.038461538461538464	2	526	526	50.33369755744934	0.8504667282104492	0.7811672687530518	6.684029579162598	6.590436220169067	3.838539123535156e-05	35.350972175598145	0.04502367973327637	48.67764687538147	526	2	524	0.9961977186311787
1720782432.8589253	Node2Vec	0.9	False	128	10	1	True	0.9	False	128	10	1	True	100	20	250	300	5	42	100	20	250	300	5	42	BloomFilter	SuperSecretSalt1337	2	dice	BloomFilter	SuperSecretSalt1337	2	dice	1024	10	False	10	1024	1024	10	False	10	1024	1024	64	8	True	2000	32	8	True	10	1000	PNG	10	1000	PNG	./data/Daten_PPRL/fakename_1k.tsv	0.15	Both	False	True	False	cosine	MinWeight	-1	0	0.1	1	540	200.0	20	5	100	0.999	True	10	None		True	0	0.024691358024691357	2	540	541	120.85993790626526	0.8752152919769287	0.8202531337738037	6.854007959365845	6.78405237197876	2.9325485229492188e-05	105.44129085540771	0.05569577217102051	119.14210057258606	540	2	538	0.9962962962962963
1720782659.6181202	Node2Vec	0.9	False	128	10	1	True	0.9	False	128	10	1	True	100	20	250	300	5	42	100	20	250	300	5	42	BloomFilter	SuperSecretSalt1337	2	dice	BloomFilter	SuperSecretSalt1337	2	dice	1024	10	False	10	1024	1024	10	False	10	1024	1024	64	8	True	2000	32	8	True	10	1000	PNG	10	1000	PNG	./data/Daten_PPRL/fakename_1k.tsv	0.2	Both	False	True	False	cosine	MinWeight	-1	0	0.1	1	555	200.0	20	5	100	0.999	True	10	None		True	0	0.0	0	555	556	226.75786352157593	0.8908798694610596	0.8865537643432617	7.017805576324463	7.041672468185425	2.7179718017578125e-05	210.85308265686035	0.03574705123901367	224.95520401000977	555	0	555	1.0
1720782710.6766915	Node2Vec	0.9	False	128	10	1	True	0.9	False	128	10	1	True	100	20	250	300	5	42	100	20	250	300	5	42	BloomFilter	SuperSecretSalt1337	2	dice	BloomFilter	SuperSecretSalt1337	2	dice	1024	10	False	10	1024	1024	10	False	10	1024	1024	64	8	True	2000	32	8	True	10	1000	PNG	10	1000	PNG	./data/Daten_PPRL/fakename_1k.tsv	0.25	Both	False	True	False	cosine	MinWeight	-1	0	0.125	1	571	200.0	20	5	100	0.999	True	10	None		True	0	0.0	0	571	571	51.05792188644409	0.9070782661437988	0.8522281646728516	7.095586061477661	7.2406206130981445	2.8371810913085938e-05	34.864243030548096	0.06700587272644043	49.2746365070343	571	0	571	1.0
1720782758.3272696	Node2Vec	0.9	False	128	10	1	True	0.9	False	128	10	1	True	100	20	250	300	5	42	100	20	250	300	5	42	BloomFilter	SuperSecretSalt1337	2	dice	BloomFilter	SuperSecretSalt1337	2	dice	1024	10	False	10	1024	1024	10	False	10	1024	1024	64	8	True	2000	32	8	True	10	1000	PNG	10	1000	PNG	./data/Daten_PPRL/fakename_1k.tsv	0.3	Both	False	True	False	cosine	MinWeight	-1	0	0.15	1	588	200.0	20	5	100	0.999	True	10	None		True	0	0.022727272727272728	4	588	588	47.64985537528992	1.0914390087127686	0.8773837089538574	7.266434907913208	7.255778551101685	2.47955322265625e-05	31.076129913330078	0.04917335510253906	45.65442156791687	588	4	584	0.9931972789115646
1720782798.448423	Node2Vec	0.9	False	128	10	1	True	0.9	False	128	10	1	True	100	20	250	300	5	42	100	20	250	300	5	42	BloomFilter	SuperSecretSalt1337	2	dice	BloomFilter	SuperSecretSalt1337	2	dice	1024	10	False	10	1024	1024	10	False	10	1024	1024	64	8	True	2000	32	8	True	10	1000	PNG	10	1000	PNG	./data/Daten_PPRL/fakename_1k.tsv	0.35	Both	False	True	False	cosine	MinWeight	-1	0	0.175	1	606	200.0	20	5	100	0.999	True	10	None		True	0	0.018867924528301886	4	606	606	40.12070035934448	0.9605488777160645	0.9113967418670654	7.484252691268921	7.430461883544922	2.7418136596679688e-05	23.255706548690796	0.044477224349975586	38.222055435180664	606	4	602	0.9933993399339934
1720782834.6205342	Node2Vec	0.9	False	128	10	1	True	0.9	False	128	10	1	True	100	20	250	300	5	42	100	20	250	300	5	42	BloomFilter	SuperSecretSalt1337	2	dice	BloomFilter	SuperSecretSalt1337	2	dice	1024	10	False	10	1024	1024	10	False	10	1024	1024	64	8	True	2000	32	8	True	10	1000	PNG	10	1000	PNG	./data/Daten_PPRL/fakename_1k.tsv	0.4	Both	False	True	False	cosine	MinWeight	-1	0	0.2	1	625	200.0	20	5	100	0.999	True	10	None		True	0	0.036	9	625	625	36.171449422836304	1.0101501941680908	0.9205772876739502	7.729012727737427	7.770193099975586	3.2901763916015625e-05	18.65984606742859	0.0466158390045166	34.21328258514404	625	9	616	0.9856
1720782872.2302015	Node2Vec	0.9	False	128	10	1	True	0.9	False	128	10	1	True	100	20	250	300	5	42	100	20	250	300	5	42	BloomFilter	SuperSecretSalt1337	2	dice	BloomFilter	SuperSecretSalt1337	2	dice	1024	10	False	10	1024	1024	10	False	10	1024	1024	64	8	True	2000	32	8	True	10	1000	PNG	10	1000	PNG	./data/Daten_PPRL/fakename_1k.tsv	0.45	Both	False	True	False	cosine	MinWeight	-1	0	0.225	1	645	200.0	20	5	100	0.999	True	10	None		True	0	0.05517241379310345	16	645	645	37.60889506340027	0.986316442489624	0.9291448593139648	7.89102840423584	7.889933824539185	2.8371810913085938e-05	19.833308935165405	0.044515132904052734	35.66672611236572	645	16	629	0.9751937984496124
1720782945.8297665	Node2Vec	0.9	False	128	10	1	True	0.9	False	128	10	1	True	100	20	250	300	5	42	100	20	250	300	5	42	BloomFilter	SuperSecretSalt1337	2	dice	BloomFilter	SuperSecretSalt1337	2	dice	1024	10	False	10	1024	1024	10	False	10	1024	1024	64	8	True	2000	32	8	True	10	1000	PNG	10	1000	PNG	./data/Daten_PPRL/fakename_1k.tsv	0.5	Both	False	True	False	cosine	MinWeight	-1	0	0.25	1	666	200.0	20	5	100	0.999	True	10	None		True	0	0.0990990990990991	33	666	667	73.59901094436646	1.1538176536560059	0.9694280624389648	8.175379753112793	8.210424184799194	2.765655517578125e-05	54.967456579208374	0.08852028846740723	71.44906187057495	666	33	633	0.9504504504504504
1720783021.412117	Node2Vec	0.9	False	128	10	1	True	0.9	False	128	10	1	True	100	20	250	300	5	42	100	20	250	300	5	42	BloomFilter	SuperSecretSalt1337	2	dice	BloomFilter	SuperSecretSalt1337	2	dice	1024	10	False	10	1024	1024	10	False	10	1024	1024	64	8	True	2000	32	8	True	10	1000	PNG	10	1000	PNG	./data/Daten_PPRL/fakename_1k.tsv	0.55	Both	False	True	False	cosine	MinWeight	-1	0	0.275	1	689	200.0	20	5	100	0.999	True	10	None		True	0	0.036939313984168866	14	689	690	75.58174133300781	1.0273637771606445	0.9828712940216064	8.494613409042358	8.629106044769287	5.173683166503906e-05	56.31447768211365	0.09946870803833008	73.54503345489502	689	14	675	0.9796806966618288
1720783059.7771156	Node2Vec	0.9	False	128	10	1	True	0.9	False	128	10	1	True	100	20	250	300	5	42	100	20	250	300	5	42	BloomFilter	SuperSecretSalt1337	2	dice	BloomFilter	SuperSecretSalt1337	2	dice	1024	10	False	10	1024	1024	10	False	10	1024	1024	64	8	True	2000	32	8	True	10	1000	PNG	10	1000	PNG	./data/Daten_PPRL/fakename_1k.tsv	0.6	Both	False	True	False	cosine	MinWeight	-1	0	0.3	1	714	200.0	20	5	100	0.999	True	10	None		True	0	0.10981308411214953	47	714	714	38.36421823501587	1.1026129722595215	1.0432894229888916	8.958727836608887	8.706713914871216	2.6702880859375e-05	18.45451831817627	0.05386781692504883	36.18136239051819	714	47	667	0.9341736694677871
1720783116.1779895	Node2Vec	0.9	False	128	10	1	True	0.9	False	128	10	1	True	100	20	250	300	5	42	100	20	250	300	5	42	BloomFilter	SuperSecretSalt1337	2	dice	BloomFilter	SuperSecretSalt1337	2	dice	1024	10	False	10	1024	1024	10	False	10	1024	1024	64	8	True	2000	32	8	True	10	1000	PNG	10	1000	PNG	./data/Daten_PPRL/fakename_1k.tsv	0.65	Both	False	True	False	cosine	MinWeight	-1	0	0.325	1	740	200.0	20	5	100	0.999	True	10	None		True	0	0.0997920997920998	48	740	741	56.400147438049316	1.0905835628509521	1.0271985530853271	9.195852756500244	9.232619762420654	2.8133392333984375e-05	35.740386724472046	0.07235836982727051	54.24905014038086	740	48	692	0.9351351351351351
1720783139.440557	Node2Vec	0.9	False	128	10	1	True	0.9	False	128	10	1	True	100	20	250	300	5	42	100	20	250	300	5	42	BloomFilter	SuperSecretSalt1337	2	dice	BloomFilter	SuperSecretSalt1337	2	dice	1024	10	False	10	1024	1024	10	False	10	1024	1024	64	8	True	2000	32	8	True	10	1000	PNG	10	1000	PNG	./data/Daten_PPRL/fakename_1k.tsv	0.7	Both	False	True	False	cosine	MinWeight	-1	0	0.35	1	769	200.0	20	5	100	0.999	True	10	None		True	0	1.0	538	769	769	23.261864185333252	1.0948848724365234	1.041902780532837	9.42806625366211	9.320734739303589	2.8848648071289062e-05	2.297975540161133	0.03349494934082031	21.088320016860962	769	538	231	0.30039011703511054
1720783181.0785873	Node2Vec	0.9	False	128	10	1	True	0.9	False	128	10	1	True	100	20	250	300	5	42	100	20	250	300	5	42	BloomFilter	SuperSecretSalt1337	2	dice	BloomFilter	SuperSecretSalt1337	2	dice	1024	10	False	10	1024	1024	10	False	10	1024	1024	64	8	True	2000	32	8	True	10	1000	PNG	10	1000	PNG	./data/Daten_PPRL/fakename_1k.tsv	0.75	Both	False	True	False	cosine	MinWeight	-1	0	0.375	1	800	200.0	20	5	100	0.999	True	10	None		True	0	1.0	600	800	800	41.63614010810852	1.1171557903289795	1.1967406272888184	9.792791604995728	9.643564701080322	2.6941299438476562e-05	19.786559581756592	0.05633354187011719	39.287445306777954	800	600	200	0.25
1720783224.8463168	Node2Vec	0.9	False	128	10	1	True	0.9	False	128	10	1	True	100	20	250	300	5	42	100	20	250	300	5	42	BloomFilter	SuperSecretSalt1337	2	dice	BloomFilter	SuperSecretSalt1337	2	dice	1024	10	False	10	1024	1024	10	False	10	1024	1024	64	8	True	2000	32	8	True	10	1000	PNG	10	1000	PNG	./data/Daten_PPRL/fakename_1k.tsv	0.8	Both	False	True	False	cosine	MinWeight	-1	0	0.4	1	833	200.0	20	5	100	0.999	True	10	None		True	0	0.996996996996997	664	833	833	43.767253398895264	1.1365728378295898	1.0798254013061523	10.006876945495605	10.142751455307007	2.86102294921875e-05	21.28861713409424	0.06385612487792969	41.51135277748108	833	664	169	0.2028811524609844
1720783250.021955	Node2Vec	0.9	False	128	10	1	True	0.9	False	128	10	1	True	100	20	250	300	5	42	100	20	250	300	5	42	BloomFilter	SuperSecretSalt1337	2	dice	BloomFilter	SuperSecretSalt1337	2	dice	1024	10	False	10	1024	1024	10	False	10	1024	1024	64	8	True	2000	32	8	True	10	1000	PNG	10	1000	PNG	./data/Daten_PPRL/fakename_1k.tsv	0.85	Both	False	True	False	cosine	MinWeight	-1	0	0.425	1	869	200.0	20	5	100	0.999	True	10	None		True	0	1.0	739	869	870	25.17486810684204	1.1307449340820312	1.1006286144256592	10.47027063369751	10.59409236907959	2.8371810913085938e-05	1.780454158782959	0.051651716232299805	22.904606819152832	869	739	130	0.14959723820483314
1720783276.8241932	Node2Vec	0.9	False	128	10	1	True	0.9	False	128	10	1	True	100	20	250	300	5	42	100	20	250	300	5	42	BloomFilter	SuperSecretSalt1337	2	dice	BloomFilter	SuperSecretSalt1337	2	dice	1024	10	False	10	1024	1024	10	False	10	1024	1024	64	8	True	2000	32	8	True	10	1000	PNG	10	1000	PNG	./data/Daten_PPRL/fakename_1k.tsv	0.9	Both	False	True	False	cosine	MinWeight	-1	0	0.45	1	909	200.0	20	5	100	0.999	True	10	None		True	0	0.9987775061124694	817	909	909	26.801449298858643	1.2407257556915283	1.1305246353149414	11.07921838760376	10.940956592559814	2.7894973754882812e-05	2.323483467102051	0.038771629333496094	24.3905189037323	909	817	92	0.10121012101210121
1720783340.3576486	Node2Vec	0.9	False	128	10	1	True	0.9	False	128	10	1	True	100	20	250	300	5	42	100	20	250	300	5	42	BloomFilter	SuperSecretSalt1337	2	dice	BloomFilter	SuperSecretSalt1337	2	dice	1024	10	False	10	1024	1024	10	False	10	1024	1024	64	8	True	2000	32	8	True	10	1000	PNG	10	1000	PNG	./data/Daten_PPRL/fakename_1k.tsv	0.95	Both	False	True	False	cosine	MinWeight	-1	0	0.475	1	952	200.0	20	5	100	0.999	True	10	None		True	0	1.0	904	952	952	63.53287935256958	1.198833703994751	1.1490159034729004	11.451809406280518	11.602965354919434	2.765655517578125e-05	38.023130655288696	0.058886051177978516	61.145347595214844	952	904	48	0.05042016806722689
1720783370.0874739	Node2Vec	0.9	False	128	10	1	True	0.9	False	128	10	1	True	100	20	250	300	5	42	100	20	250	300	5	42	BloomFilter	SuperSecretSalt1337	2	dice	BloomFilter	SuperSecretSalt1337	2	dice	1024	10	False	10	1024	1024	10	False	10	1024	1024	64	8	True	2000	32	8	True	10	1000	PNG	10	1000	PNG	./data/Daten_PPRL/fakename_1k.tsv	1.0	Both	False	True	False	cosine	MinWeight	-1	0	0.5	1	1000	200.0	20	5	100	0.999	True	10	None		True	0	1.0	1000	1000	1000	29.729031562805176	1.222846269607544	1.162294864654541	12.016788244247437	12.38240671157837	4.029273986816406e-05	2.849388837814331	0.041004180908203125	27.29932141304016	1000	1000	0	0.0
1720783570.3350089	Node2Vec	0.9	False	128	10	1	True	0.9	False	128	10	1	True	100	20	250	300	5	42	100	20	250	300	5	42	BloomFilter	SuperSecretSalt1337	2	dice	BloomFilter	SuperSecretSalt1337	2	dice	1024	10	False	10	1024	1024	10	False	10	1024	1024	64	8	True	2000	32	8	True	10	1000	PNG	10	1000	PNG	./data/Daten_PPRL/fakename_2k.tsv	0.05	Both	False	True	False	cosine	MinWeight	-1	0	0.1	1	1025	200.0	20	5	100	0.999	True	10	None		True	0	0.0	0	1025	1026	200.2467851638794	1.2599782943725586	1.2356770038604736	12.382785081863403	12.37922477722168	3.0517578125e-05	172.80354619026184	0.11807131767272949	197.69237184524536	1025	0	1025	1.0
1720783706.8305101	Node2Vec	0.9	False	128	10	1	True	0.9	False	128	10	1	True	100	20	250	300	5	42	100	20	250	300	5	42	BloomFilter	SuperSecretSalt1337	2	dice	BloomFilter	SuperSecretSalt1337	2	dice	1024	10	False	10	1024	1024	10	False	10	1024	1024	64	8	True	2000	32	8	True	10	1000	PNG	10	1000	PNG	./data/Daten_PPRL/fakename_2k.tsv	0.1	Both	False	True	False	cosine	MinWeight	-1	0	0.1	1	1052	200.0	20	5	100	0.999	True	10	None		True	0	0.02857142857142857	3	1052	1053	136.49398350715637	1.2549705505371094	1.2403743267059326	12.512379884719849	12.690603494644165	2.9087066650390625e-05	108.60514307022095	0.12548303604125977	133.9423804283142	1052	3	1049	0.997148288973384
1720783782.5018928	Node2Vec	0.9	False	128	10	1	True	0.9	False	128	10	1	True	100	20	250	300	5	42	100	20	250	300	5	42	BloomFilter	SuperSecretSalt1337	2	dice	BloomFilter	SuperSecretSalt1337	2	dice	1024	10	False	10	1024	1024	10	False	10	1024	1024	64	8	True	2000	32	8	True	10	1000	PNG	10	1000	PNG	./data/Daten_PPRL/fakename_2k.tsv	0.15	Both	False	True	False	cosine	MinWeight	-1	0	0.1	1	1081	200.0	20	5	100	0.999	True	10	None		True	0	0.0	0	1081	1081	75.67072582244873	1.3113212585449219	1.2836637496948242	12.618861436843872	12.529176712036133	2.6941299438476562e-05	47.73498010635376	0.12130975723266602	73.0135145187378	1081	0	1081	1.0
1720783889.378532	Node2Vec	0.9	False	128	10	1	True	0.9	False	128	10	1	True	100	20	250	300	5	42	100	20	250	300	5	42	BloomFilter	SuperSecretSalt1337	2	dice	BloomFilter	SuperSecretSalt1337	2	dice	1024	10	False	10	1024	1024	10	False	10	1024	1024	64	8	True	2000	32	8	True	10	1000	PNG	10	1000	PNG	./data/Daten_PPRL/fakename_2k.tsv	0.2	Both	False	True	False	cosine	MinWeight	-1	0	0.1	1	1111	200.0	20	5	100	0.999	True	10	None		True	0	0.02252252252252252	5	1111	1111	106.87593340873718	1.32696533203125	1.3271517753601074	12.927222728729248	13.068116903305054	5.125999450683594e-05	78.07016372680664	0.08074235916137695	104.155517578125	1111	5	1106	0.9954995499549955
1720784029.134087	Node2Vec	0.9	False	128	10	1	True	0.9	False	128	10	1	True	100	20	250	300	5	42	100	20	250	300	5	42	BloomFilter	SuperSecretSalt1337	2	dice	BloomFilter	SuperSecretSalt1337	2	dice	1024	10	False	10	1024	1024	10	False	10	1024	1024	64	8	True	2000	32	8	True	10	1000	PNG	10	1000	PNG	./data/Daten_PPRL/fakename_2k.tsv	0.25	Both	False	True	False	cosine	MinWeight	-1	0	0.125	1	1142	200.0	20	5	100	0.999	True	10	None		True	0	0.017543859649122806	5	1142	1143	139.75456166267395	1.367568016052246	1.3108725547790527	14.13960576057434	13.6376051902771	2.9325485229492188e-05	109.07391595840454	0.14571332931518555	137.00620007514954	1142	5	1137	0.9956217162872154
1720784102.5952885	Node2Vec	0.9	False	128	10	1	True	0.9	False	128	10	1	True	100	20	250	300	5	42	100	20	250	300	5	42	BloomFilter	SuperSecretSalt1337	2	dice	BloomFilter	SuperSecretSalt1337	2	dice	1024	10	False	10	1024	1024	10	False	10	1024	1024	64	8	True	2000	32	8	True	10	1000	PNG	10	1000	PNG	./data/Daten_PPRL/fakename_2k.tsv	0.3	Both	False	True	False	cosine	MinWeight	-1	0	0.15	1	1176	200.0	20	5	100	0.999	True	10	None		True	0	0.011363636363636364	4	1176	1176	73.46046733856201	1.3533718585968018	1.3357939720153809	13.890989780426025	13.92565131187439	4.100799560546875e-05	42.727362394332886	0.1488025188446045	70.70220470428467	1176	4	1172	0.9965986394557823
1720784176.8148332	Node2Vec	0.9	False	128	10	1	True	0.9	False	128	10	1	True	100	20	250	300	5	42	100	20	250	300	5	42	BloomFilter	SuperSecretSalt1337	2	dice	BloomFilter	SuperSecretSalt1337	2	dice	1024	10	False	10	1024	1024	10	False	10	1024	1024	64	8	True	2000	32	8	True	10	1000	PNG	10	1000	PNG	./data/Daten_PPRL/fakename_2k.tsv	0.35	Both	False	True	False	cosine	MinWeight	-1	0	0.175	1	1212	200.0	20	5	100	0.999	True	10	None		True	0	0.054245283018867926	23	1212	1212	74.21882820129395	1.394843339920044	1.3991508483886719	14.125640153884888	13.947786808013916	2.9325485229492188e-05	43.1146194934845	0.1553046703338623	71.35302233695984	1212	23	1189	0.981023102310231
1720784238.4795926	Node2Vec	0.9	False	128	10	1	True	0.9	False	128	10	1	True	100	20	250	300	5	42	100	20	250	300	5	42	BloomFilter	SuperSecretSalt1337	2	dice	BloomFilter	SuperSecretSalt1337	2	dice	1024	10	False	10	1024	1024	10	False	10	1024	1024	64	8	True	2000	32	8	True	10	1000	PNG	10	1000	PNG	./data/Daten_PPRL/fakename_2k.tsv	0.4	Both	False	True	False	cosine	MinWeight	-1	0	0.2	1	1250	200.0	20	5	100	0.999	True	10	None		True	0	0.064	32	1250	1250	61.66399335861206	1.4416253566741943	1.4050500392913818	14.5338134765625	14.441849708557129	2.8848648071289062e-05	29.631226062774658	0.12871503829956055	58.74549865722656	1250	32	1218	0.9744
1720784314.2584884	Node2Vec	0.9	False	128	10	1	True	0.9	False	128	10	1	True	100	20	250	300	5	42	100	20	250	300	5	42	BloomFilter	SuperSecretSalt1337	2	dice	BloomFilter	SuperSecretSalt1337	2	dice	1024	10	False	10	1024	1024	10	False	10	1024	1024	64	8	True	2000	32	8	True	10	1000	PNG	10	1000	PNG	./data/Daten_PPRL/fakename_2k.tsv	0.45	Both	False	True	False	cosine	MinWeight	-1	0	0.225	1	1290	200.0	20	5	100	0.999	True	10	None		True	0	0.05344827586206897	31	1290	1290	75.77820706367493	1.4960477352142334	1.4259982109069824	14.895310401916504	15.707780361175537	2.9802322387695312e-05	41.978626012802124	0.18370556831359863	72.77562522888184	1290	31	1259	0.975968992248062
1720784398.0071363	Node2Vec	0.9	False	128	10	1	True	0.9	False	128	10	1	True	100	20	250	300	5	42	100	20	250	300	5	42	BloomFilter	SuperSecretSalt1337	2	dice	BloomFilter	SuperSecretSalt1337	2	dice	1024	10	False	10	1024	1024	10	False	10	1024	1024	64	8	True	2000	32	8	True	10	1000	PNG	10	1000	PNG	./data/Daten_PPRL/fakename_2k.tsv	0.5	Both	False	True	False	cosine	MinWeight	-1	0	0.25	1	1333	200.0	20	5	100	0.999	True	10	None		True	0	0.07507507507507508	50	1333	1333	83.74787664413452	1.588634967803955	1.571230173110962	15.598289489746094	15.574699401855469	2.8133392333984375e-05	49.14583921432495	0.1757662296295166	80.50482296943665	1333	50	1283	0.9624906226556639
1720784444.9973607	Node2Vec	0.9	False	128	10	1	True	0.9	False	128	10	1	True	100	20	250	300	5	42	100	20	250	300	5	42	BloomFilter	SuperSecretSalt1337	2	dice	BloomFilter	SuperSecretSalt1337	2	dice	1024	10	False	10	1024	1024	10	False	10	1024	1024	64	8	True	2000	32	8	True	10	1000	PNG	10	1000	PNG	./data/Daten_PPRL/fakename_2k.tsv	0.55	Both	False	True	False	cosine	MinWeight	-1	0	0.275	1	1379	200.0	20	5	100	0.999	True	10	None		True	0	1.0	758	1379	1379	46.989497423172	1.5027720928192139	1.4854257106781006	15.894254922866821	15.822834014892578	4.839897155761719e-05	12.082834959030151	0.11029958724975586	43.920411825180054	1379	758	621	0.4503263234227701
1720784488.5199764	Node2Vec	0.9	False	128	10	1	True	0.9	False	128	10	1	True	100	20	250	300	5	42	100	20	250	300	5	42	BloomFilter	SuperSecretSalt1337	2	dice	BloomFilter	SuperSecretSalt1337	2	dice	1024	10	False	10	1024	1024	10	False	10	1024	1024	64	8	True	2000	32	8	True	10	1000	PNG	10	1000	PNG	./data/Daten_PPRL/fakename_2k.tsv	0.6	Both	False	True	False	cosine	MinWeight	-1	0	0.3	1	1428	200.0	20	5	100	0.999	True	10	None		True	0	1.0	857	1428	1429	43.5216281414032	1.528193473815918	1.5839557647705078	16.37750554084778	16.30400538444519	2.956390380859375e-05	7.448281288146973	0.17271137237548828	40.31270885467529	1428	857	571	0.39985994397759106
1720784544.868305	Node2Vec	0.9	False	128	10	1	True	0.9	False	128	10	1	True	100	20	250	300	5	42	100	20	250	300	5	42	BloomFilter	SuperSecretSalt1337	2	dice	BloomFilter	SuperSecretSalt1337	2	dice	1024	10	False	10	1024	1024	10	False	10	1024	1024	64	8	True	2000	32	8	True	10	1000	PNG	10	1000	PNG	./data/Daten_PPRL/fakename_2k.tsv	0.65	Both	False	True	False	cosine	MinWeight	-1	0	0.325	1	1481	200.0	20	5	100	0.999	True	10	None		True	0	0.997920997920998	960	1481	1481	56.34747886657715	1.651409387588501	1.5582644939422607	16.933675527572632	16.85179042816162	2.9802322387695312e-05	19.086147785186768	0.1588268280029297	53.040974855422974	1481	960	521	0.35178933153274816
1720784585.2990491	Node2Vec	0.9	False	128	10	1	True	0.9	False	128	10	1	True	100	20	250	300	5	42	100	20	250	300	5	42	BloomFilter	SuperSecretSalt1337	2	dice	BloomFilter	SuperSecretSalt1337	2	dice	1024	10	False	10	1024	1024	10	False	10	1024	1024	64	8	True	2000	32	8	True	10	1000	PNG	10	1000	PNG	./data/Daten_PPRL/fakename_2k.tsv	0.7	Both	False	True	False	cosine	MinWeight	-1	0	0.35	1	1538	200.0	20	5	100	0.999	True	10	None		True	0	1.0	1076	1538	1538	40.43002676963806	1.6249618530273438	2.0781593322753906	17.446374893188477	17.52455973625183	2.8371810913085938e-05	1.5093739032745361	0.13494467735290527	36.62610125541687	1538	1076	462	0.30039011703511054
1720784626.4103997	Node2Vec	0.9	False	128	10	1	True	0.9	False	128	10	1	True	100	20	250	300	5	42	100	20	250	300	5	42	BloomFilter	SuperSecretSalt1337	2	dice	BloomFilter	SuperSecretSalt1337	2	dice	1024	10	False	10	1024	1024	10	False	10	1024	1024	64	8	True	2000	32	8	True	10	1000	PNG	10	1000	PNG	./data/Daten_PPRL/fakename_2k.tsv	0.75	Both	False	True	False	cosine	MinWeight	-1	0	0.375	1	1600	200.0	20	5	100	0.999	True	10	None		True	0	1.0	1200	1600	1600	41.11058259010315	1.650984525680542	1.6344995498657227	17.94918131828308	18.154226303100586	2.8848648071289062e-05	1.4530854225158691	0.14650774002075195	37.71397113800049	1600	1200	400	0.25
1720784669.4077616	Node2Vec	0.9	False	128	10	1	True	0.9	False	128	10	1	True	100	20	250	300	5	42	100	20	250	300	5	42	BloomFilter	SuperSecretSalt1337	2	dice	BloomFilter	SuperSecretSalt1337	2	dice	1024	10	False	10	1024	1024	10	False	10	1024	1024	64	8	True	2000	32	8	True	10	1000	PNG	10	1000	PNG	./data/Daten_PPRL/fakename_2k.tsv	0.8	Both	False	True	False	cosine	MinWeight	-1	0	0.4	1	1666	200.0	20	5	100	0.999	True	10	None		True	0	1.0	1333	1666	1667	42.99656629562378	1.7168891429901123	1.6800189018249512	18.817415714263916	18.668524980545044	2.7179718017578125e-05	1.8138818740844727	0.16914105415344238	39.480204820632935	1666	1333	333	0.1998799519807923
1720784714.1993349	Node2Vec	0.9	False	128	10	1	True	0.9	False	128	10	1	True	100	20	250	300	5	42	100	20	250	300	5	42	BloomFilter	SuperSecretSalt1337	2	dice	BloomFilter	SuperSecretSalt1337	2	dice	1024	10	False	10	1024	1024	10	False	10	1024	1024	64	8	True	2000	32	8	True	10	1000	PNG	10	1000	PNG	./data/Daten_PPRL/fakename_2k.tsv	0.85	Both	False	True	False	cosine	MinWeight	-1	0	0.425	1	1739	200.0	20	5	100	0.999	True	10	None		True	0	1.0	1478	1739	1739	44.79060673713684	1.8898766040802002	1.7433891296386719	19.44794797897339	19.403530597686768	3.8623809814453125e-05	1.9737865924835205	0.18003416061401367	41.01712489128113	1739	1478	261	0.15008625646923518
1720784761.5718932	Node2Vec	0.9	False	128	10	1	True	0.9	False	128	10	1	True	100	20	250	300	5	42	100	20	250	300	5	42	BloomFilter	SuperSecretSalt1337	2	dice	BloomFilter	SuperSecretSalt1337	2	dice	1024	10	False	10	1024	1024	10	False	10	1024	1024	64	8	True	2000	32	8	True	10	1000	PNG	10	1000	PNG	./data/Daten_PPRL/fakename_2k.tsv	0.9	Both	False	True	False	cosine	MinWeight	-1	0	0.45	1	1818	200.0	20	5	100	0.999	True	10	None		True	0	1.0	1636	1818	1818	47.37177109718323	1.80047607421875	1.7901387214660645	20.52719807624817	20.290977001190186	2.86102294921875e-05	2.628396987915039	0.18356895446777344	43.641666412353516	1818	1636	182	0.1001100110011001
1720784811.8901272	Node2Vec	0.9	False	128	10	1	True	0.9	False	128	10	1	True	100	20	250	300	5	42	100	20	250	300	5	42	BloomFilter	SuperSecretSalt1337	2	dice	BloomFilter	SuperSecretSalt1337	2	dice	1024	10	False	10	1024	1024	10	False	10	1024	1024	64	8	True	2000	32	8	True	10	1000	PNG	10	1000	PNG	./data/Daten_PPRL/fakename_2k.tsv	0.95	Both	False	True	False	cosine	MinWeight	-1	0	0.475	1	1904	200.0	20	5	100	0.999	True	10	None		True	0	1.0	1809	1904	1905	50.31737208366394	1.8468284606933594	1.8345012664794922	21.67269515991211	21.481465816497803	2.574920654296875e-05	3.1079556941986084	0.20961618423461914	46.48387169837952	1904	1809	95	0.04989495798319328
1720784881.238739	Node2Vec	0.9	False	128	10	1	True	0.9	False	128	10	1	True	100	20	250	300	5	42	100	20	250	300	5	42	BloomFilter	SuperSecretSalt1337	2	dice	BloomFilter	SuperSecretSalt1337	2	dice	1024	10	False	10	1024	1024	10	False	10	1024	1024	64	8	True	2000	32	8	True	10	1000	PNG	10	1000	PNG	./data/Daten_PPRL/fakename_2k.tsv	1.0	Both	False	True	False	cosine	MinWeight	-1	0	0.5	1	2000	200.0	20	5	100	0.999	True	10	None		True	0	1.0	2000	2000	2000	69.3477840423584	1.9241845607757568	1.9414236545562744	24.278154850006104	23.485772609710693	2.8133392333984375e-05	17.444034337997437	0.11695146560668945	65.33783459663391	2000	2000	0	0.0
1720785118.3580344	Node2Vec	0.9	False	128	10	1	True	0.9	False	128	10	1	True	100	20	250	300	5	42	100	20	250	300	5	42	BloomFilter	SuperSecretSalt1337	2	dice	BloomFilter	SuperSecretSalt1337	2	dice	1024	10	False	10	1024	1024	10	False	10	1024	1024	64	8	True	2000	32	8	True	10	1000	PNG	10	1000	PNG	./data/Daten_PPRL/fakename_5k.tsv	0.05	Both	False	True	False	cosine	MinWeight	-1	0	0.1	1	2564	200.0	20	5	100	0.999	True	10	None		True	0	0.09375	12	2564	2564	237.11750841140747	2.2690811157226562	2.3436975479125977	29.704965353012085	29.364983081817627	3.266334533691406e-05	172.1985535621643	0.9384157657623291	232.22273659706116	2564	12	2552	0.9953198127925117
1720785470.835377	Node2Vec	0.9	False	128	10	1	True	0.9	False	128	10	1	True	100	20	250	300	5	42	100	20	250	300	5	42	BloomFilter	SuperSecretSalt1337	2	dice	BloomFilter	SuperSecretSalt1337	2	dice	1024	10	False	10	1024	1024	10	False	10	1024	1024	64	8	True	2000	32	8	True	10	1000	PNG	10	1000	PNG	./data/Daten_PPRL/fakename_5k.tsv	0.1	Both	False	True	False	cosine	MinWeight	-1	0	0.1	1	2631	200.0	20	5	100	0.999	True	10	None		True	0	0.06463878326996197	17	2631	2632	352.4763255119324	2.2446823120117188	2.234286069869995	30.366501808166504	30.609560012817383	2.9802322387695312e-05	286.41001415252686	0.2710416316986084	347.6719675064087	2631	17	2614	0.9935385784872672
1720785773.1946673	Node2Vec	0.9	False	128	10	1	True	0.9	False	128	10	1	True	100	20	250	300	5	42	100	20	250	300	5	42	BloomFilter	SuperSecretSalt1337	2	dice	BloomFilter	SuperSecretSalt1337	2	dice	1024	10	False	10	1024	1024	10	False	10	1024	1024	64	8	True	2000	32	8	True	10	1000	PNG	10	1000	PNG	./data/Daten_PPRL/fakename_5k.tsv	0.15	Both	False	True	False	cosine	MinWeight	-1	0	0.1	1	2702	200.0	20	5	100	0.999	True	10	None		True	0	0.044444444444444446	18	2702	2703	302.3582947254181	2.266883134841919	2.3159165382385254	31.203333377838135	31.418370962142944	2.6702880859375e-05	234.50193905830383	0.2946178913116455	297.4330937862396	2702	18	2684	0.993338267949667
1720786119.726984	Node2Vec	0.9	False	128	10	1	True	0.9	False	128	10	1	True	100	20	250	300	5	42	100	20	250	300	5	42	BloomFilter	SuperSecretSalt1337	2	dice	BloomFilter	SuperSecretSalt1337	2	dice	1024	10	False	10	1024	1024	10	False	10	1024	1024	64	8	True	2000	32	8	True	10	1000	PNG	10	1000	PNG	./data/Daten_PPRL/fakename_5k.tsv	0.2	Both	False	True	False	cosine	MinWeight	-1	0	0.1	1	2777	200.0	20	5	100	0.999	True	10	None		True	0	0.9981981981981982	554	2777	2778	346.5312497615814	2.3547537326812744	2.330500364303589	32.56417107582092	33.43362879753113	2.6702880859375e-05	274.5017411708832	0.950681209564209	341.4658808708191	2777	554	2223	0.8005041411595246
1720786457.5834956	Node2Vec	0.9	False	128	10	1	True	0.9	False	128	10	1	True	100	20	250	300	5	42	100	20	250	300	5	42	BloomFilter	SuperSecretSalt1337	2	dice	BloomFilter	SuperSecretSalt1337	2	dice	1024	10	False	10	1024	1024	10	False	10	1024	1024	64	8	True	2000	32	8	True	10	1000	PNG	10	1000	PNG	./data/Daten_PPRL/fakename_5k.tsv	0.25	Both	False	True	False	cosine	MinWeight	-1	0	0.125	1	2857	200.0	20	5	100	0.999	True	10	None		True	0	0.18207282913165265	130	2857	2857	337.85549211502075	2.4253830909729004	2.564419746398926	33.8044798374176	34.24255323410034	2.9087066650390625e-05	263.20327854156494	1.202115535736084	332.4679136276245	2857	130	2727	0.9544977248862443
1720786536.622967	Node2Vec	0.9	False	128	10	1	True	0.9	False	128	10	1	True	100	20	250	300	5	42	100	20	250	300	5	42	BloomFilter	SuperSecretSalt1337	2	dice	BloomFilter	SuperSecretSalt1337	2	dice	1024	10	False	10	1024	1024	10	False	10	1024	1024	64	8	True	2000	32	8	True	10	1000	PNG	10	1000	PNG	./data/Daten_PPRL/fakename_5k.tsv	0.3	Both	False	True	False	cosine	MinWeight	-1	0	0.15	1	2941	200.0	20	5	100	0.999	True	10	None		True	0	0.9807256235827665	865	2941	2941	79.03846263885498	2.58687162399292	2.733762264251709	34.435404539108276	34.340648889541626	2.9087066650390625e-05	4.036447286605835	0.4875063896179199	73.31587934494019	2941	865	2076	0.7058823529411765
1720786624.6479518	Node2Vec	0.9	False	128	10	1	True	0.9	False	128	10	1	True	100	20	250	300	5	42	100	20	250	300	5	42	BloomFilter	SuperSecretSalt1337	2	dice	BloomFilter	SuperSecretSalt1337	2	dice	1024	10	False	10	1024	1024	10	False	10	1024	1024	64	8	True	2000	32	8	True	10	1000	PNG	10	1000	PNG	./data/Daten_PPRL/fakename_5k.tsv	0.35	Both	False	True	False	cosine	MinWeight	-1	0	0.175	1	3030	200.0	20	5	100	0.999	True	10	None		True	0	1.0	1060	3030	3030	88.02396273612976	2.6888084411621094	2.6206674575805664	37.13420915603638	39.694156646728516	3.886222839355469e-05	5.004987001419067	0.46894121170043945	82.31921672821045	3030	1060	1970	0.6501650165016502
1720786787.7039125	Node2Vec	0.9	False	128	10	1	True	0.9	False	128	10	1	True	100	20	250	300	5	42	100	20	250	300	5	42	BloomFilter	SuperSecretSalt1337	2	dice	BloomFilter	SuperSecretSalt1337	2	dice	1024	10	False	10	1024	1024	10	False	10	1024	1024	64	8	True	2000	32	8	True	10	1000	PNG	10	1000	PNG	./data/Daten_PPRL/fakename_5k.tsv	0.4	Both	False	True	False	cosine	MinWeight	-1	0	0.2	1	3125	200.0	20	5	100	0.999	True	10	None		True	0	0.9992	1249	3125	3125	163.05479502677917	2.6869497299194336	2.822442054748535	37.76558041572571	37.39432764053345	2.9325485229492188e-05	80.80513882637024	1.0956900119781494	157.07701134681702	3125	1249	1876	0.60032
1720786881.4953983	Node2Vec	0.9	False	128	10	1	True	0.9	False	128	10	1	True	100	20	250	300	5	42	100	20	250	300	5	42	BloomFilter	SuperSecretSalt1337	2	dice	BloomFilter	SuperSecretSalt1337	2	dice	1024	10	False	10	1024	1024	10	False	10	1024	1024	64	8	True	2000	32	8	True	10	1000	PNG	10	1000	PNG	./data/Daten_PPRL/fakename_5k.tsv	0.45	Both	False	True	False	cosine	MinWeight	-1	0	0.225	1	3225	200.0	20	5	100	0.999	True	10	None		True	0	1.0	1451	3225	3226	93.79044437408447	2.6884164810180664	2.738558292388916	38.93579602241516	39.14696168899536	2.9325485229492188e-05	9.110952615737915	0.7277624607086182	87.93827700614929	3225	1451	1774	0.550077519379845
1720786975.1000922	Node2Vec	0.9	False	128	10	1	True	0.9	False	128	10	1	True	100	20	250	300	5	42	100	20	250	300	5	42	BloomFilter	SuperSecretSalt1337	2	dice	BloomFilter	SuperSecretSalt1337	2	dice	1024	10	False	10	1024	1024	10	False	10	1024	1024	64	8	True	2000	32	8	True	10	1000	PNG	10	1000	PNG	./data/Daten_PPRL/fakename_5k.tsv	0.5	Both	False	True	False	cosine	MinWeight	-1	0	0.25	1	3333	200.0	20	5	100	0.999	True	10	None		True	0	1.0	1666	3333	3333	93.60361647605896	2.8946242332458496	2.9333512783050537	40.515960931777954	41.2958562374115	2.9325485229492188e-05	4.758896350860596	0.7082180976867676	87.29746675491333	3333	1666	1667	0.5001500150015001
1720787071.9595644	Node2Vec	0.9	False	128	10	1	True	0.9	False	128	10	1	True	100	20	250	300	5	42	100	20	250	300	5	42	BloomFilter	SuperSecretSalt1337	2	dice	BloomFilter	SuperSecretSalt1337	2	dice	1024	10	False	10	1024	1024	10	False	10	1024	1024	64	8	True	2000	32	8	True	10	1000	PNG	10	1000	PNG	./data/Daten_PPRL/fakename_5k.tsv	0.55	Both	False	True	False	cosine	MinWeight	-1	0	0.275	1	3448	200.0	20	5	100	0.999	True	10	None		True	0	0.9994725738396625	1895	3448	3448	96.8583927154541	2.9206602573394775	2.9448251724243164	42.164562463760376	42.30303645133972	2.6941299438476562e-05	5.218636989593506	0.8013722896575928	90.5053927898407	3448	1895	1553	0.4504060324825986
1720787260.3924685	Node2Vec	0.9	False	128	10	1	True	0.9	False	128	10	1	True	100	20	250	300	5	42	100	20	250	300	5	42	BloomFilter	SuperSecretSalt1337	2	dice	BloomFilter	SuperSecretSalt1337	2	dice	1024	10	False	10	1024	1024	10	False	10	1024	1024	64	8	True	2000	32	8	True	10	1000	PNG	10	1000	PNG	./data/Daten_PPRL/fakename_5k.tsv	0.6	Both	False	True	False	cosine	MinWeight	-1	0	0.3	1	3571	200.0	20	5	100	0.999	True	10	None		True	0	0.9995331465919701	2141	3571	3571	188.43174481391907	2.983119487762451	3.015026807785034	43.81235456466675	44.21816635131836	3.4809112548828125e-05	92.65873146057129	1.1567249298095703	181.86711239814758	3571	2141	1430	0.400448053766452
1720787366.7553315	Node2Vec	0.9	False	128	10	1	True	0.9	False	128	10	1	True	100	20	250	300	5	42	100	20	250	300	5	42	BloomFilter	SuperSecretSalt1337	2	dice	BloomFilter	SuperSecretSalt1337	2	dice	1024	10	False	10	1024	1024	10	False	10	1024	1024	64	8	True	2000	32	8	True	10	1000	PNG	10	1000	PNG	./data/Daten_PPRL/fakename_5k.tsv	0.65	Both	False	True	False	cosine	MinWeight	-1	0	0.325	1	3703	200.0	20	5	100	0.999	True	10	None		True	0	1.0	2407	3703	3704	106.36175322532654	3.1299824714660645	3.175053596496582	45.5600221157074	45.411704778671265	2.8133392333984375e-05	7.479790449142456	1.0557889938354492	99.52571487426758	3703	2407	1296	0.34998649743451254
1720787480.8538136	Node2Vec	0.9	False	128	10	1	True	0.9	False	128	10	1	True	100	20	250	300	5	42	100	20	250	300	5	42	BloomFilter	SuperSecretSalt1337	2	dice	BloomFilter	SuperSecretSalt1337	2	dice	1024	10	False	10	1024	1024	10	False	10	1024	1024	64	8	True	2000	32	8	True	10	1000	PNG	10	1000	PNG	./data/Daten_PPRL/fakename_5k.tsv	0.7	Both	False	True	False	cosine	MinWeight	-1	0	0.35	1	3846	200.0	20	5	100	0.999	True	10	None		True	0	1.0	2692	3846	3846	114.09731817245483	3.228811264038086	3.3362104892730713	48.934996128082275	49.317471742630005	2.5272369384765625e-05	7.767656087875366	0.9078409671783447	106.94722557067871	3846	2692	1154	0.3000520020800832
1720787605.1711712	Node2Vec	0.9	False	128	10	1	True	0.9	False	128	10	1	True	100	20	250	300	5	42	100	20	250	300	5	42	BloomFilter	SuperSecretSalt1337	2	dice	BloomFilter	SuperSecretSalt1337	2	dice	1024	10	False	10	1024	1024	10	False	10	1024	1024	64	8	True	2000	32	8	True	10	1000	PNG	10	1000	PNG	./data/Daten_PPRL/fakename_5k.tsv	0.75	Both	False	True	False	cosine	MinWeight	-1	0	0.375	1	4000	200.0	20	5	100	0.999	True	10	None		True	0	1.0	3000	4000	4000	124.31619191169739	3.4973232746124268	3.5719175338745117	52.22688341140747	55.25869703292847	2.9802322387695312e-05	8.141024589538574	0.9375064373016357	116.60268068313599	4000	3000	1000	0.25
1720787732.172015	Node2Vec	0.9	False	128	10	1	True	0.9	False	128	10	1	True	100	20	250	300	5	42	100	20	250	300	5	42	BloomFilter	SuperSecretSalt1337	2	dice	BloomFilter	SuperSecretSalt1337	2	dice	1024	10	False	10	1024	1024	10	False	10	1024	1024	64	8	True	2000	32	8	True	10	1000	PNG	10	1000	PNG	./data/Daten_PPRL/fakename_5k.tsv	0.8	Both	False	True	False	cosine	MinWeight	-1	0	0.4	1	4166	200.0	20	5	100	0.999	True	10	None		True	0	0.9996999699969997	3332	4166	4167	126.99968910217285	3.63708758354187	3.550196647644043	53.811553955078125	54.92483854293823	2.8371810913085938e-05	9.331495761871338	1.0766475200653076	119.16456866264343	4166	3332	834	0.20019203072491598
1720787896.3918803	Node2Vec	0.9	False	128	10	1	True	0.9	False	128	10	1	True	100	20	250	300	5	42	100	20	250	300	5	42	BloomFilter	SuperSecretSalt1337	2	dice	BloomFilter	SuperSecretSalt1337	2	dice	1024	10	False	10	1024	1024	10	False	10	1024	1024	64	8	True	2000	32	8	True	10	1000	PNG	10	1000	PNG	./data/Daten_PPRL/fakename_5k.tsv	0.85	Both	False	True	False	cosine	MinWeight	-1	0	0.425	1	4347	200.0	20	5	100	0.999	True	10	None		True	0	1.0	3695	4347	4348	164.218656539917	3.8038601875305176	3.8573362827301025	57.746976375579834	55.66896367073059	3.0279159545898438e-05	41.26080846786499	1.1224567890167236	155.8198778629303	4347	3695	652	0.14998849781458476
1720788098.037309	Node2Vec	0.9	False	128	10	1	True	0.9	False	128	10	1	True	100	20	250	300	5	42	100	20	250	300	5	42	BloomFilter	SuperSecretSalt1337	2	dice	BloomFilter	SuperSecretSalt1337	2	dice	1024	10	False	10	1024	1024	10	False	10	1024	1024	64	8	True	2000	32	8	True	10	1000	PNG	10	1000	PNG	./data/Daten_PPRL/fakename_5k.tsv	0.9	Both	False	True	False	cosine	MinWeight	-1	0	0.45	1	4545	200.0	20	5	100	0.999	True	10	None		True	0	1.0	4090	4545	4545	201.64421701431274	3.9725677967071533	4.050657510757446	59.615910053253174	58.60914134979248	2.86102294921875e-05	73.58906435966492	1.0162997245788574	192.8518795967102	4545	4090	455	0.1001100110011001
1720788260.5334654	Node2Vec	0.9	False	128	10	1	True	0.9	False	128	10	1	True	100	20	250	300	5	42	100	20	250	300	5	42	BloomFilter	SuperSecretSalt1337	2	dice	BloomFilter	SuperSecretSalt1337	2	dice	1024	10	False	10	1024	1024	10	False	10	1024	1024	64	8	True	2000	32	8	True	10	1000	PNG	10	1000	PNG	./data/Daten_PPRL/fakename_5k.tsv	0.95	Both	False	True	False	cosine	MinWeight	-1	0	0.475	1	4761	200.0	20	5	100	0.999	True	10	None		True	0	0.999557815609109	4521	4761	4762	162.49484276771545	4.015739440917969	4.175580739974976	62.26197361946106	60.37156105041504	3.0994415283203125e-05	29.49553370475769	1.3100526332855225	153.4613916873932	4761	4521	240	0.05040957781978576
1720788540.026736	Node2Vec	0.9	False	128	10	1	True	0.9	False	128	10	1	True	100	20	250	300	5	42	100	20	250	300	5	42	BloomFilter	SuperSecretSalt1337	2	dice	BloomFilter	SuperSecretSalt1337	2	dice	1024	10	False	10	1024	1024	10	False	10	1024	1024	64	8	True	2000	32	8	True	10	1000	PNG	10	1000	PNG	./data/Daten_PPRL/fakename_5k.tsv	1.0	Both	False	True	False	cosine	MinWeight	-1	0	0.5	1	5000	200.0	20	5	100	0.999	True	10	None		True	0	1.0	5000	5000	5000	279.4919033050537	4.333991765975952	4.280219793319702	66.51176309585571	65.40610575675964	2.9802322387695312e-05	137.59430027008057	0.41092371940612793	269.94668412208557	5000	5000	0	0.0
1720790482.2974503	Node2Vec	0.9	False	128	10	1	True	0.9	False	128	10	1	True	100	20	250	300	5	42	100	20	250	300	5	42	BloomFilter	SuperSecretSalt1337	2	dice	BloomFilter	SuperSecretSalt1337	2	dice	1024	10	False	10	1024	1024	10	False	10	1024	1024	64	8	True	2000	32	8	True	10	1000	PNG	10	1000	PNG	./data/Daten_PPRL/fakename_10k.tsv	0.05	Both	False	True	False	cosine	MinWeight	-1	0	0.1	1	5128	200.0	20	5	100	0.999	True	10	None		True	0	0.7421875	190	5128	5128	1942.269299030304	4.717275619506836	4.691965579986572	68.32951259613037	67.56610536575317	2.5510787963867188e-05	1790.0829129219055	4.6267149448394775	1930.6291818618774	5128	190	4938	0.9629485179407177
1720791263.1762168	Node2Vec	0.9	False	128	10	1	True	0.9	False	128	10	1	True	100	20	250	300	5	42	100	20	250	300	5	42	BloomFilter	SuperSecretSalt1337	2	dice	BloomFilter	SuperSecretSalt1337	2	dice	1024	10	False	10	1024	1024	10	False	10	1024	1024	64	8	True	2000	32	8	True	10	1000	PNG	10	1000	PNG	./data/Daten_PPRL/fakename_10k.tsv	0.1	Both	False	True	False	cosine	MinWeight	-1	0	0.1	1	5263	200.0	20	5	100	0.999	True	10	None		True	0	0.9372623574144486	493	5263	5263	780.877001285553	4.653275728225708	4.937946081161499	71.37740325927734	74.88146185874939	3.2901763916015625e-05	618.6402173042297	4.839495658874512	769.9599287509918	5263	493	4770	0.9063271898156945
1720791459.4198117	Node2Vec	0.9	False	128	10	1	True	0.9	False	128	10	1	True	100	20	250	300	5	42	100	20	250	300	5	42	BloomFilter	SuperSecretSalt1337	2	dice	BloomFilter	SuperSecretSalt1337	2	dice	1024	10	False	10	1024	1024	10	False	10	1024	1024	64	8	True	2000	32	8	True	10	1000	PNG	10	1000	PNG	./data/Daten_PPRL/fakename_10k.tsv	0.15	Both	False	True	False	cosine	MinWeight	-1	0	0.1	1	5405	200.0	20	5	100	0.999	True	10	None		True	0	0.9987654320987654	809	5405	5405	196.2419924736023	4.840134859085083	5.239974498748779	75.59754085540771	78.20301055908203	3.0517578125e-05	28.98488140106201	1.883918046951294	184.69739985466003	5405	809	4596	0.8503237742830713
1720791802.4391532	Node2Vec	0.9	False	128	10	1	True	0.9	False	128	10	1	True	100	20	250	300	5	42	100	20	250	300	5	42	BloomFilter	SuperSecretSalt1337	2	dice	BloomFilter	SuperSecretSalt1337	2	dice	1024	10	False	10	1024	1024	10	False	10	1024	1024	64	8	True	2000	32	8	True	10	1000	PNG	10	1000	PNG	./data/Daten_PPRL/fakename_10k.tsv	0.2	Both	False	True	False	cosine	MinWeight	-1	0	0.1	1	5555	200.0	20	5	100	0.999	True	10	None		True	0	1.0	1111	5555	5556	343.01786732673645	5.358046054840088	5.228763818740845	77.89077949523926	77.13910460472107	3.0279159545898438e-05	170.7094111442566	5.121296405792236	330.8873908519745	5555	1111	4444	0.8
1720791993.2228932	Node2Vec	0.9	False	128	10	1	True	0.9	False	128	10	1	True	100	20	250	300	5	42	100	20	250	300	5	42	BloomFilter	SuperSecretSalt1337	2	dice	BloomFilter	SuperSecretSalt1337	2	dice	1024	10	False	10	1024	1024	10	False	10	1024	1024	64	8	True	2000	32	8	True	10	1000	PNG	10	1000	PNG	./data/Daten_PPRL/fakename_10k.tsv	0.25	Both	False	True	False	cosine	MinWeight	-1	0	0.125	1	5714	200.0	20	5	100	0.999	True	10	None		True	0	0.9992997198879552	1427	5714	5714	190.78222155570984	5.737119913101196	5.649584770202637	79.36173939704895	76.98291778564453	3.0517578125e-05	19.376047134399414	2.2028932571411133	177.9509801864624	5714	1427	4287	0.7502625131256563
1720792189.5143912	Node2Vec	0.9	False	128	10	1	True	0.9	False	128	10	1	True	100	20	250	300	5	42	100	20	250	300	5	42	BloomFilter	SuperSecretSalt1337	2	dice	BloomFilter	SuperSecretSalt1337	2	dice	1024	10	False	10	1024	1024	10	False	10	1024	1024	64	8	True	2000	32	8	True	10	1000	PNG	10	1000	PNG	./data/Daten_PPRL/fakename_10k.tsv	0.3	Both	False	True	False	cosine	MinWeight	-1	0	0.15	1	5882	200.0	20	5	100	0.999	True	10	None		True	0	0.9994331065759637	1763	5882	5882	196.28992223739624	5.321731090545654	5.428213834762573	83.02497458457947	79.5759174823761	2.86102294921875e-05	18.260596990585327	3.067824363708496	183.95578932762146	5882	1763	4119	0.7002720163209792
1720792395.8995028	Node2Vec	0.9	False	128	10	1	True	0.9	False	128	10	1	True	100	20	250	300	5	42	100	20	250	300	5	42	BloomFilter	SuperSecretSalt1337	2	dice	BloomFilter	SuperSecretSalt1337	2	dice	1024	10	False	10	1024	1024	10	False	10	1024	1024	64	8	True	2000	32	8	True	10	1000	PNG	10	1000	PNG	./data/Daten_PPRL/fakename_10k.tsv	0.35	Both	False	True	False	cosine	MinWeight	-1	0	0.175	1	6060	200.0	20	5	100	0.999	True	10	None		True	0	1.0	2121	6060	6061	206.3834149837494	5.639199256896973	5.56915020942688	84.05075120925903	83.93314814567566	2.7418136596679688e-05	22.13022804260254	3.463646411895752	193.60563898086548	6060	2121	3939	0.65
1720792876.697361	Node2Vec	0.9	False	128	10	1	True	0.9	False	128	10	1	True	100	20	250	300	5	42	100	20	250	300	5	42	BloomFilter	SuperSecretSalt1337	2	dice	BloomFilter	SuperSecretSalt1337	2	dice	1024	10	False	10	1024	1024	10	False	10	1024	1024	64	8	True	2000	32	8	True	10	1000	PNG	10	1000	PNG	./data/Daten_PPRL/fakename_10k.tsv	0.4	Both	False	True	False	cosine	MinWeight	-1	0	0.2	1	6250	200.0	20	5	100	0.999	True	10	None		True	0	0.9988	2497	6250	6250	480.7961235046387	5.795172214508057	5.831986427307129	87.10238265991211	87.73307728767395	0.003764629364013672	287.40142726898193	5.27133846282959	467.54142904281616	6250	2497	3753	0.60048
1720793127.097573	Node2Vec	0.9	False	128	10	1	True	0.9	False	128	10	1	True	100	20	250	300	5	42	100	20	250	300	5	42	BloomFilter	SuperSecretSalt1337	2	dice	BloomFilter	SuperSecretSalt1337	2	dice	1024	10	False	10	1024	1024	10	False	10	1024	1024	64	8	True	2000	32	8	True	10	1000	PNG	10	1000	PNG	./data/Daten_PPRL/fakename_10k.tsv	0.45	Both	False	True	False	cosine	MinWeight	-1	0	0.225	1	6451	200.0	20	5	100	0.999	True	10	None		True	0	0.9996555287633483	2902	6451	6452	250.3985559940338	6.261386394500732	7.0734686851501465	93.5883846282959	91.36111259460449	0.0018000602722167969	45.525081157684326	4.533328056335449	235.04358553886414	6451	2902	3549	0.5501472639900791
1720793367.026875	Node2Vec	0.9	False	128	10	1	True	0.9	False	128	10	1	True	100	20	250	300	5	42	100	20	250	300	5	42	BloomFilter	SuperSecretSalt1337	2	dice	BloomFilter	SuperSecretSalt1337	2	dice	1024	10	False	10	1024	1024	10	False	10	1024	1024	64	8	True	2000	32	8	True	10	1000	PNG	10	1000	PNG	./data/Daten_PPRL/fakename_10k.tsv	0.5	Both	False	True	False	cosine	MinWeight	-1	0	0.25	1	6666	200.0	20	5	100	0.999	True	10	None		True	0	0.9996999699969997	3332	6666	6667	239.92736172676086	6.445199966430664	6.425320863723755	95.37388348579407	96.85723400115967	4.124641418457031e-05	23.952402591705322	4.254732131958008	225.1763355731964	6666	3332	3334	0.5001500150015001
1720793612.8881018	Node2Vec	0.9	False	128	10	1	True	0.9	False	128	10	1	True	100	20	250	300	5	42	100	20	250	300	5	42	BloomFilter	SuperSecretSalt1337	2	dice	BloomFilter	SuperSecretSalt1337	2	dice	1024	10	False	10	1024	1024	10	False	10	1024	1024	64	8	True	2000	32	8	True	10	1000	PNG	10	1000	PNG	./data/Daten_PPRL/fakename_10k.tsv	0.55	Both	False	True	False	cosine	MinWeight	-1	0	0.275	1	6896	200.0	20	5	100	0.999	True	10	None		True	0	0.9997363564460849	3792	6896	6897	245.85937237739563	6.827666997909546	6.7451841831207275	98.04390740394592	100.50611615180969	0.0034110546112060547	26.76604986190796	4.8507630825042725	230.2007942199707	6896	3792	3104	0.45011600928074247
1720793905.541498	Node2Vec	0.9	False	128	10	1	True	0.9	False	128	10	1	True	100	20	250	300	5	42	100	20	250	300	5	42	BloomFilter	SuperSecretSalt1337	2	dice	BloomFilter	SuperSecretSalt1337	2	dice	1024	10	False	10	1024	1024	10	False	10	1024	1024	64	8	True	2000	32	8	True	10	1000	PNG	10	1000	PNG	./data/Daten_PPRL/fakename_10k.tsv	0.6	Both	False	True	False	cosine	MinWeight	-1	0	0.3	1	7142	200.0	20	5	100	0.999	True	10	None		True	0	0.9997666277712952	4284	7142	7143	292.6516213417053	7.4299399852752686	7.101697683334351	109.38573598861694	107.717928647995	3.814697265625e-05	26.44623041152954	5.0021071434021	268.4347634315491	7142	4284	2858	0.4001680201624195
1720794184.5306084	Node2Vec	0.9	False	128	10	1	True	0.9	False	128	10	1	True	100	20	250	300	5	42	100	20	250	300	5	42	BloomFilter	SuperSecretSalt1337	2	dice	BloomFilter	SuperSecretSalt1337	2	dice	1024	10	False	10	1024	1024	10	False	10	1024	1024	64	8	True	2000	32	8	True	10	1000	PNG	10	1000	PNG	./data/Daten_PPRL/fakename_10k.tsv	0.65	Both	False	True	False	cosine	MinWeight	-1	0	0.325	1	7407	200.0	20	5	100	0.999	True	10	None		True	0	1.0	4814	7407	7407	278.9872975349426	7.430436849594116	8.174664974212646	114.15879583358765	111.12468242645264	3.0040740966796875e-05	31.70258116722107	4.190686225891113	261.2126519680023	7407	4814	2593	0.35007425408397463
1720794912.9213006	Node2Vec	0.9	False	128	10	1	True	0.9	False	128	10	1	True	100	20	250	300	5	42	100	20	250	300	5	42	BloomFilter	SuperSecretSalt1337	2	dice	BloomFilter	SuperSecretSalt1337	2	dice	1024	10	False	10	1024	1024	10	False	10	1024	1024	64	8	True	2000	32	8	True	10	1000	PNG	10	1000	PNG	./data/Daten_PPRL/fakename_10k.tsv	0.7	Both	False	True	False	cosine	MinWeight	-1	0	0.35	1	7692	200.0	20	5	100	0.999	True	10	None		True	0	0.99962852897474	5382	7692	7692	728.3887269496918	7.9504663944244385	8.169989347457886	118.0296938419342	117.48204112052917	3.0279159545898438e-05	468.5525372028351	5.979588508605957	710.0783760547638	7692	5382	2310	0.3003120124804992
1720795242.815587	Node2Vec	0.9	False	128	10	1	True	0.9	False	128	10	1	True	100	20	250	300	5	42	100	20	250	300	5	42	BloomFilter	SuperSecretSalt1337	2	dice	BloomFilter	SuperSecretSalt1337	2	dice	1024	10	False	10	1024	1024	10	False	10	1024	1024	64	8	True	2000	32	8	True	10	1000	PNG	10	1000	PNG	./data/Daten_PPRL/fakename_10k.tsv	0.75	Both	False	True	False	cosine	MinWeight	-1	0	0.375	1	8000	200.0	20	5	100	0.999	True	10	None		True	0	1.0	6000	8000	8000	329.89221453666687	8.190186500549316	8.471801996231079	123.39186143875122	129.0437605381012	3.123283386230469e-05	53.8800790309906	4.477000713348389	310.8282787799835	8000	6000	2000	0.25
1720796239.463427	Node2Vec	0.9	False	128	10	1	True	0.9	False	128	10	1	True	100	20	250	300	5	42	100	20	250	300	5	42	BloomFilter	SuperSecretSalt1337	2	dice	BloomFilter	SuperSecretSalt1337	2	dice	1024	10	False	10	1024	1024	10	False	10	1024	1024	64	8	True	2000	32	8	True	10	1000	PNG	10	1000	PNG	./data/Daten_PPRL/fakename_10k.tsv	0.8	Both	False	True	False	cosine	MinWeight	-1	0	0.4	1	8333	200.0	20	5	100	0.999	True	10	None		True	0	1.0	6666	8333	8333	996.645852804184	9.218273878097534	8.860016822814941	129.15604758262634	128.6094605922699	2.9325485229492188e-05	711.3151075839996	6.643286228179932	975.7600815296173	8333	6666	1667	0.2000480019200768
1720796691.7166615	Node2Vec	0.9	False	128	10	1	True	0.9	False	128	10	1	True	100	20	250	300	5	42	100	20	250	300	5	42	BloomFilter	SuperSecretSalt1337	2	dice	BloomFilter	SuperSecretSalt1337	2	dice	1024	10	False	10	1024	1024	10	False	10	1024	1024	64	8	True	2000	32	8	True	10	1000	PNG	10	1000	PNG	./data/Daten_PPRL/fakename_10k.tsv	0.85	Both	False	True	False	cosine	MinWeight	-1	0	0.425	1	8695	200.0	20	5	100	0.999	True	10	None		True	0	1.0	7391	8695	8696	452.25108456611633	9.335143089294434	9.490553855895996	138.6066312789917	140.62161779403687	3.147125244140625e-05	145.03212881088257	6.364500045776367	430.6621689796448	8695	7391	1304	0.14997124784358826
1720797073.175385	Node2Vec	0.9	False	128	10	1	True	0.9	False	128	10	1	True	100	20	250	300	5	42	100	20	250	300	5	42	BloomFilter	SuperSecretSalt1337	2	dice	BloomFilter	SuperSecretSalt1337	2	dice	1024	10	False	10	1024	1024	10	False	10	1024	1024	64	8	True	2000	32	8	True	10	1000	PNG	10	1000	PNG	./data/Daten_PPRL/fakename_10k.tsv	0.9	Both	False	True	False	cosine	MinWeight	-1	0	0.45	1	9090	200.0	20	5	100	0.999	True	10	None		True	0	1.0	8181	9090	9091	381.4564690589905	10.17126727104187	10.243677139282227	147.1605544090271	147.48439049720764	3.361701965332031e-05	57.28328776359558	5.7915198802948	357.75983595848083	9090	8181	909	0.1
1720797566.263535	Node2Vec	0.9	False	128	10	1	True	0.9	False	128	10	1	True	100	20	250	300	5	42	100	20	250	300	5	42	BloomFilter	SuperSecretSalt1337	2	dice	BloomFilter	SuperSecretSalt1337	2	dice	1024	10	False	10	1024	1024	10	False	10	1024	1024	64	8	True	2000	32	8	True	10	1000	PNG	10	1000	PNG	./data/Daten_PPRL/fakename_10k.tsv	0.95	Both	False	True	False	cosine	MinWeight	-1	0	0.475	1	9523	200.0	20	5	100	0.999	True	10	None		True	0	1.0	9047	9523	9524	493.0857741832733	10.946146011352539	11.61590838432312	158.74739623069763	154.68705415725708	0.0002391338348388672	148.8443410396576	4.747100591659546	467.08093333244324	9523	9047	476	0.049984248661136196
1720798056.4644854	Node2Vec	0.9	False	128	10	1	True	0.9	False	128	10	1	True	100	20	250	300	5	42	100	20	250	300	5	42	BloomFilter	SuperSecretSalt1337	2	dice	BloomFilter	SuperSecretSalt1337	2	dice	1024	10	False	10	1024	1024	10	False	10	1024	1024	64	8	True	2000	32	8	True	10	1000	PNG	10	1000	PNG	./data/Daten_PPRL/fakename_10k.tsv	1.0	Both	False	True	False	cosine	MinWeight	-1	0	0.5	1	10000	200.0	20	5	100	0.999	True	10	None		True	0	1.0	10000	10000	10000	490.19851088523865	12.604894876480103	13.011513948440552	172.1592664718628	169.05187916755676	0.00039696693420410156	118.30261778831482	1.278942346572876	460.8418838977814	10000	10000	0	0.0
1720798283.8812692	Node2Vec	0.9	False	128	10	1	True	0.9	False	128	10	1	True	100	20	250	300	5	42	100	20	250	300	5	42	BloomFilter	SuperSecretSalt1337	2	dice	BloomFilter	SuperSecretSalt1337	2	dice	1024	10	False	10	1024	1024	10	False	10	1024	1024	64	8	True	2000	32	8	True	10	1000	PNG	10	1000	PNG	./data/Daten_PPRL/titanic_full.tsv	0.05	Both	False	True	False	cosine	MinWeight	-1	0	0.1	1	455	200.0	20	5	100	0.999	True	10	None		True	0	0.0	0	456	457	227.41410279273987	2.3943848609924316	2.1571216583251953	5.58088755607605	5.640253782272339	3.600120544433594e-05	211.5506751537323	0.05916142463684082	222.8376488685608	455	0	455	1.0
1720798350.7005947	Node2Vec	0.9	False	128	10	1	True	0.9	False	128	10	1	True	100	20	250	300	5	42	100	20	250	300	5	42	BloomFilter	SuperSecretSalt1337	2	dice	BloomFilter	SuperSecretSalt1337	2	dice	1024	10	False	10	1024	1024	10	False	10	1024	1024	64	8	True	2000	32	8	True	10	1000	PNG	10	1000	PNG	./data/Daten_PPRL/titanic_full.tsv	0.1	Both	False	True	False	cosine	MinWeight	-1	0	0.1	1	468	200.0	20	5	100	0.999	True	10	None		True	0	0.15217391304347827	7	468	469	66.81874632835388	2.2608327865600586	2.1843762397766113	5.983051776885986	6.052958965301514	2.8371810913085938e-05	50.257001876831055	0.0536649227142334	62.35342216491699	468	7	461	0.9850427350427351
1720798675.088827	Node2Vec	0.9	False	128	10	1	True	0.9	False	128	10	1	True	100	20	250	300	5	42	100	20	250	300	5	42	BloomFilter	SuperSecretSalt1337	2	dice	BloomFilter	SuperSecretSalt1337	2	dice	1024	10	False	10	1024	1024	10	False	10	1024	1024	64	8	True	2000	32	8	True	10	1000	PNG	10	1000	PNG	./data/Daten_PPRL/titanic_full.tsv	0.15	Both	False	True	False	cosine	MinWeight	-1	0	0.1	1	480	200.0	20	5	100	0.999	True	10	None		True	0	0.027777777777777776	2	481	482	324.3875524997711	2.257249593734741	2.2312276363372803	6.003659248352051	6.003465414047241	3.0040740966796875e-05	307.80879735946655	0.056160688400268555	319.878408908844	480	2	478	0.9958333333333333
1720798996.3185444	Node2Vec	0.9	False	128	10	1	True	0.9	False	128	10	1	True	100	20	250	300	5	42	100	20	250	300	5	42	BloomFilter	SuperSecretSalt1337	2	dice	BloomFilter	SuperSecretSalt1337	2	dice	1024	10	False	10	1024	1024	10	False	10	1024	1024	64	8	True	2000	32	8	True	10	1000	PNG	10	1000	PNG	./data/Daten_PPRL/titanic_full.tsv	0.2	Both	False	True	False	cosine	MinWeight	-1	0	0.1	1	493	200.0	20	5	100	0.999	True	10	None		True	0	0.0707070707070707	7	495	495	321.2288737297058	2.257599353790283	2.2396857738494873	6.244600296020508	6.714262008666992	3.0040740966796875e-05	303.6897723674774	0.054906368255615234	316.71028661727905	493	7	486	0.9858012170385395
1720799196.642037	Node2Vec	0.9	False	128	10	1	True	0.9	False	128	10	1	True	100	20	250	300	5	42	100	20	250	300	5	42	BloomFilter	SuperSecretSalt1337	2	dice	BloomFilter	SuperSecretSalt1337	2	dice	1024	10	False	10	1024	1024	10	False	10	1024	1024	64	8	True	2000	32	8	True	10	1000	PNG	10	1000	PNG	./data/Daten_PPRL/titanic_full.tsv	0.25	Both	False	True	False	cosine	MinWeight	-1	0	0.125	1	508	200.0	20	5	100	0.999	True	10	None		True	0	0.05511811023622047	7	509	509	200.32285356521606	2.2383625507354736	2.266693592071533	6.463027477264404	6.2230308055877686	2.956390380859375e-05	182.9525899887085	0.14963889122009277	195.7966058254242	508	7	501	0.9862204724409449
1720799320.270881	Node2Vec	0.9	False	128	10	1	True	0.9	False	128	10	1	True	100	20	250	300	5	42	100	20	250	300	5	42	BloomFilter	SuperSecretSalt1337	2	dice	BloomFilter	SuperSecretSalt1337	2	dice	1024	10	False	10	1024	1024	10	False	10	1024	1024	64	8	True	2000	32	8	True	10	1000	PNG	10	1000	PNG	./data/Daten_PPRL/titanic_full.tsv	0.3	Both	False	True	False	cosine	MinWeight	-1	0	0.15	1	522	200.0	20	5	100	0.999	True	10	None		True	0	0.10828025477707007	17	524	524	123.62837982177734	2.280595064163208	2.234107494354248	6.7436745166778564	6.688713312149048	3.5762786865234375e-05	105.48449516296387	0.17066431045532227	119.09447693824768	522	17	505	0.9674329501915708
1720799454.1566427	Node2Vec	0.9	False	128	10	1	True	0.9	False	128	10	1	True	100	20	250	300	5	42	100	20	250	300	5	42	BloomFilter	SuperSecretSalt1337	2	dice	BloomFilter	SuperSecretSalt1337	2	dice	1024	10	False	10	1024	1024	10	False	10	1024	1024	64	8	True	2000	32	8	True	10	1000	PNG	10	1000	PNG	./data/Daten_PPRL/titanic_full.tsv	0.35	Both	False	True	False	cosine	MinWeight	-1	0	0.175	1	539	200.0	20	5	100	0.999	True	10	None		True	0	0.08465608465608465	16	540	540	133.88524746894836	2.2861990928649902	2.2654616832733154	6.862134218215942	6.719153881072998	3.2901763916015625e-05	115.58003520965576	0.14498066902160645	129.3131022453308	539	16	523	0.9703153988868275
1720799603.4372432	Node2Vec	0.9	False	128	10	1	True	0.9	False	128	10	1	True	100	20	250	300	5	42	100	20	250	300	5	42	BloomFilter	SuperSecretSalt1337	2	dice	BloomFilter	SuperSecretSalt1337	2	dice	1024	10	False	10	1024	1024	10	False	10	1024	1024	64	8	True	2000	32	8	True	10	1000	PNG	10	1000	PNG	./data/Daten_PPRL/titanic_full.tsv	0.4	Both	False	True	False	cosine	MinWeight	-1	0	0.2	1	555	200.0	20	5	100	0.999	True	10	None		True	0	0.14864864864864866	33	556	557	149.280118227005	2.3148882389068604	2.275599479675293	6.767009496688843	6.633043527603149	3.24249267578125e-05	131.19057989120483	0.07117533683776855	144.66892743110657	555	33	522	0.9405405405405406
1720799729.6694922	Node2Vec	0.9	False	128	10	1	True	0.9	False	128	10	1	True	100	20	250	300	5	42	100	20	250	300	5	42	BloomFilter	SuperSecretSalt1337	2	dice	BloomFilter	SuperSecretSalt1337	2	dice	1024	10	False	10	1024	1024	10	False	10	1024	1024	64	8	True	2000	32	8	True	10	1000	PNG	10	1000	PNG	./data/Daten_PPRL/titanic_full.tsv	0.45	Both	False	True	False	cosine	MinWeight	-1	0	0.225	1	573	200.0	20	5	100	0.999	True	10	None		True	0	0.13178294573643412	34	574	575	126.2311475276947	2.3444643020629883	2.347796678543091	7.000494956970215	6.962108612060547	2.6226043701171875e-05	107.4285569190979	0.11477851867675781	121.51262497901917	573	34	539	0.9406631762652705
1720799825.983857	Node2Vec	0.9	False	128	10	1	True	0.9	False	128	10	1	True	100	20	250	300	5	42	100	20	250	300	5	42	BloomFilter	SuperSecretSalt1337	2	dice	BloomFilter	SuperSecretSalt1337	2	dice	1024	10	False	10	1024	1024	10	False	10	1024	1024	64	8	True	2000	32	8	True	10	1000	PNG	10	1000	PNG	./data/Daten_PPRL/titanic_full.tsv	0.5	Both	False	True	False	cosine	MinWeight	-1	0	0.25	1	593	200.0	20	5	100	0.999	True	10	None		True	0	0.29292929292929293	87	594	594	96.31373906135559	2.37823748588562	2.3158481121063232	7.362603664398193	7.353605031967163	3.0040740966796875e-05	76.80707478523254	0.06516146659851074	91.59556818008423	593	87	506	0.8532883642495784
1720799881.595103	Node2Vec	0.9	False	128	10	1	True	0.9	False	128	10	1	True	100	20	250	300	5	42	100	20	250	300	5	42	BloomFilter	SuperSecretSalt1337	2	dice	BloomFilter	SuperSecretSalt1337	2	dice	1024	10	False	10	1024	1024	10	False	10	1024	1024	64	8	True	2000	32	8	True	10	1000	PNG	10	1000	PNG	./data/Daten_PPRL/titanic_full.tsv	0.55	Both	False	True	False	cosine	MinWeight	-1	0	0.275	1	613	200.0	20	5	100	0.999	True	10	None		True	0	0.5400593471810089	182	614	614	55.61053419113159	2.415907382965088	2.3329930305480957	7.255098104476929	7.3481621742248535	2.7179718017578125e-05	36.15639090538025	0.06950092315673828	50.83620858192444	613	182	431	0.7030995106035889
1720799931.3329697	Node2Vec	0.9	False	128	10	1	True	0.9	False	128	10	1	True	100	20	250	300	5	42	100	20	250	300	5	42	BloomFilter	SuperSecretSalt1337	2	dice	BloomFilter	SuperSecretSalt1337	2	dice	1024	10	False	10	1024	1024	10	False	10	1024	1024	64	8	True	2000	32	8	True	10	1000	PNG	10	1000	PNG	./data/Daten_PPRL/titanic_full.tsv	0.6	Both	False	True	False	cosine	MinWeight	-1	0	0.3	1	635	200.0	20	5	100	0.999	True	10	None		True	0	0.847769028871391	323	636	636	49.73715329170227	2.527580976486206	2.362257480621338	7.419479608535767	7.3060150146484375	3.24249267578125e-05	29.787745237350464	0.3015117645263672	44.82235765457153	635	323	312	0.49133858267716535
1720799987.2391894	Node2Vec	0.9	False	128	10	1	True	0.9	False	128	10	1	True	100	20	250	300	5	42	100	20	250	300	5	42	BloomFilter	SuperSecretSalt1337	2	dice	BloomFilter	SuperSecretSalt1337	2	dice	1024	10	False	10	1024	1024	10	False	10	1024	1024	64	8	True	2000	32	8	True	10	1000	PNG	10	1000	PNG	./data/Daten_PPRL/titanic_full.tsv	0.65	Both	False	True	False	cosine	MinWeight	-1	0	0.325	1	658	200.0	20	5	100	0.999	True	10	None		True	0	0.8434579439252337	361	659	660	55.90488862991333	2.4698500633239746	2.4550554752349854	7.7775750160217285	7.830386638641357	2.765655517578125e-05	35.0986852645874	0.2378559112548828	50.951560735702515	658	361	297	0.4513677811550152
1720800033.8593678	Node2Vec	0.9	False	128	10	1	True	0.9	False	128	10	1	True	100	20	250	300	5	42	100	20	250	300	5	42	BloomFilter	SuperSecretSalt1337	2	dice	BloomFilter	SuperSecretSalt1337	2	dice	1024	10	False	10	1024	1024	10	False	10	1024	1024	64	8	True	2000	32	8	True	10	1000	PNG	10	1000	PNG	./data/Daten_PPRL/titanic_full.tsv	0.7	Both	False	True	False	cosine	MinWeight	-1	0	0.35	1	684	200.0	20	5	100	0.999	True	10	None		True	0	0.9206680584551148	441	685	685	46.618624210357666	2.444650173187256	2.3842430114746094	7.783548831939697	7.998638153076172	2.6464462280273438e-05	25.896414279937744	0.07561588287353516	41.76161479949951	684	441	243	0.35526315789473684
1720800075.1439693	Node2Vec	0.9	False	128	10	1	True	0.9	False	128	10	1	True	100	20	250	300	5	42	100	20	250	300	5	42	BloomFilter	SuperSecretSalt1337	2	dice	BloomFilter	SuperSecretSalt1337	2	dice	1024	10	False	10	1024	1024	10	False	10	1024	1024	64	8	True	2000	32	8	True	10	1000	PNG	10	1000	PNG	./data/Daten_PPRL/titanic_full.tsv	0.75	Both	False	True	False	cosine	MinWeight	-1	0	0.375	1	712	200.0	20	5	100	0.999	True	10	None		True	0	0.9325842696629213	498	712	713	41.28349423408508	2.4930169582366943	2.45503568649292	8.029905796051025	8.307831764221191	2.6226043701171875e-05	19.89388871192932	0.06717491149902344	36.30624318122864	712	498	214	0.300561797752809
1720800112.4678106	Node2Vec	0.9	False	128	10	1	True	0.9	False	128	10	1	True	100	20	250	300	5	42	100	20	250	300	5	42	BloomFilter	SuperSecretSalt1337	2	dice	BloomFilter	SuperSecretSalt1337	2	dice	1024	10	False	10	1024	1024	10	False	10	1024	1024	64	8	True	2000	32	8	True	10	1000	PNG	10	1000	PNG	./data/Daten_PPRL/titanic_full.tsv	0.8	Both	False	True	False	cosine	MinWeight	-1	0	0.4	1	741	200.0	20	5	100	0.999	True	10	None		True	0	0.9393939393939394	558	742	743	37.32298970222473	2.9197046756744385	2.52486515045166	8.691985368728638	8.985891819000244	2.8848648071289062e-05	14.088015079498291	0.0734560489654541	31.847021341323853	741	558	183	0.24696356275303644
1720800158.5836573	Node2Vec	0.9	False	128	10	1	True	0.9	False	128	10	1	True	100	20	250	300	5	42	100	20	250	300	5	42	BloomFilter	SuperSecretSalt1337	2	dice	BloomFilter	SuperSecretSalt1337	2	dice	1024	10	False	10	1024	1024	10	False	10	1024	1024	64	8	True	2000	32	8	True	10	1000	PNG	10	1000	PNG	./data/Daten_PPRL/titanic_full.tsv	0.85	Both	False	True	False	cosine	MinWeight	-1	0	0.425	1	774	200.0	20	5	100	0.999	True	10	None		True	0	0.9498480243161094	625	774	775	46.11510968208313	2.4907333850860596	2.554824113845825	8.792086839675903	9.071693658828735	2.9087066650390625e-05	23.070151329040527	0.0941762924194336	41.03588938713074	774	625	149	0.1925064599483204
1720800216.0414875	Node2Vec	0.9	False	128	10	1	True	0.9	False	128	10	1	True	100	20	250	300	5	42	100	20	250	300	5	42	BloomFilter	SuperSecretSalt1337	2	dice	BloomFilter	SuperSecretSalt1337	2	dice	1024	10	False	10	1024	1024	10	False	10	1024	1024	64	8	True	2000	32	8	True	10	1000	PNG	10	1000	PNG	./data/Daten_PPRL/titanic_full.tsv	0.9	Both	False	True	False	cosine	MinWeight	-1	0	0.45	1	808	200.0	20	5	100	0.999	True	10	None		True	0	0.9656593406593407	703	809	810	57.45672416687012	2.5584397315979004	2.5023319721221924	9.395196914672852	9.358419418334961	2.5987625122070312e-05	33.52868676185608	0.0738518238067627	52.36405086517334	808	703	105	0.12995049504950495
1720800291.2189183	Node2Vec	0.9	False	128	10	1	True	0.9	False	128	10	1	True	100	20	250	300	5	42	100	20	250	300	5	42	BloomFilter	SuperSecretSalt1337	2	dice	BloomFilter	SuperSecretSalt1337	2	dice	1024	10	False	10	1024	1024	10	False	10	1024	1024	64	8	True	2000	32	8	True	10	1000	PNG	10	1000	PNG	./data/Daten_PPRL/titanic_full.tsv	0.95	Both	False	True	False	cosine	MinWeight	-1	0	0.475	1	847	200.0	20	5	100	0.999	True	10	None		True	0	0.967741935483871	780	848	849	75.17698431015015	2.5473649501800537	2.6462295055389404	9.780548572540283	9.727853775024414	2.9087066650390625e-05	50.32880210876465	0.09982466697692871	69.94494986534119	847	780	67	0.07910271546635184
1720800341.616982	Node2Vec	0.9	False	128	10	1	True	0.9	False	128	10	1	True	100	20	250	300	5	42	100	20	250	300	5	42	BloomFilter	SuperSecretSalt1337	2	dice	BloomFilter	SuperSecretSalt1337	2	dice	1024	10	False	10	1024	1024	10	False	10	1024	1024	64	8	True	2000	32	8	True	10	1000	PNG	10	1000	PNG	./data/Daten_PPRL/titanic_full.tsv	1.0	Both	False	True	False	cosine	MinWeight	-1	0	0.5	1	890	200.0	20	5	100	0.999	True	10	None		True	0	0.9988776655443322	890	891	891	50.396892070770264	2.8934242725372314	2.7464559078216553	9.894240856170654	10.170913696289062	2.7179718017578125e-05	24.591723918914795	0.05571794509887695	44.72145676612854	890	890	0	0.0
