timestamp	Algo	AliceQuantile	AliceDiscretize	AliceDim	AliceContext	AliceNegative	AliceNormalize	EveQuantile	EveDiscretize	EveDim	EveContext	EveNegative	EveNormalize	AliceWalkLen	AliceNWalks	AliceP	AliceQ	AliceEpochs	AliceSeed	EveWalkLen	EveNWalks	EveP	EveQ	EveEpochs	EveSeed	AliceAlgo	AliceSecret	AliceN	AliceMetric	EveAlgo	EveSecret	EveN	EveMetric	AliceBFLength	AliceBits	AliceDiffuse	AliceT	AliceEldLength	EveBFLength	EveBits	EveDiffuse	EveT	EveEldLength	AliceNHash	AliceNHashBits	AliceNSubKeys	Alice1BitHash	EveNHash	EveNHashBits	EveNSubKeys	Eve1BitHash	AliceNHashFunc	AliceNHashCol	AliceRandMode	EveNHashFunc	EveNHashCol	EveRandMode	Data	Overlap	DropFrom	DevMode	BenchMode	Verbose	MatchingMetric	Matching	Workers	RegWS	RegInit	Batchsize	LR	NIterWS	NIterInit	NEpochWS	LRDecay	Sqrt	EarlyStopping	Selection	MaxLoad	Wasserstein	success_rate	correct	n_alice	n_eve	elapsed_total	elapsed_alice_enc	elapsed_eve_enc	elapsed_alice_emb	elapsed_eve_emb	elapsed_align_prep	elapsed_align	elapsed_mapping	elapsed_relevant
1719389063.4586697	Node2Vec	0.9	False	128	10	1	True	0.9	False	128	10	1	True	100	20	250	300	5	42	100	20	250	300	5	42	BloomFilter	SuperSecretSalt1337	2	dice	BloomFilter	SuperSecretSalt1337	2	dice	1024	10	False	10	1024	1024	10	False	10	1024	1024	64	8	True	2000	32	8	True	10	1000	PNG	10	1000	PNG	./data/Daten_PPRL/fakename_1k.tsv	0.05	Alice	False	True	False	cosine	MinWeight	-1	0.1	1	50	200.0	20	5	100	0.999	True	10	None		True	0.0	0	50	1000	46.26796078681946	0.8589885234832764	1.1917059421539307	5.864341735839844	22.67001485824585	8.821487426757812e-06	15.43591022491455	0.21128511428833008	44.19101357460022
1719389102.8932574	Node2Vec	0.9	False	128	10	1	True	0.9	False	128	10	1	True	100	20	250	300	5	42	100	20	250	300	5	42	BloomFilter	SuperSecretSalt1337	2	dice	BloomFilter	SuperSecretSalt1337	2	dice	1024	10	False	10	1024	1024	10	False	10	1024	1024	64	8	True	2000	32	8	True	10	1000	PNG	10	1000	PNG	./data/Daten_PPRL/fakename_1k.tsv	0.1	Alice	False	True	False	cosine	MinWeight	-1	0.1	1	100	200.0	20	5	100	0.999	True	10	None		True	0.0	0	100	1000	39.43286609649658	1.056398630142212	-1	3.9558582305908203	-1	1.049041748046875e-05	34.191930055618286	0.19552922248840332	38.35037636756897
1719389205.7176611	Node2Vec	0.9	False	128	10	1	True	0.9	False	128	10	1	True	100	20	250	300	5	42	100	20	250	300	5	42	BloomFilter	SuperSecretSalt1337	2	dice	BloomFilter	SuperSecretSalt1337	2	dice	1024	10	False	10	1024	1024	10	False	10	1024	1024	64	8	True	2000	32	8	True	10	1000	PNG	10	1000	PNG	./data/Daten_PPRL/fakename_1k.tsv	0.15	Alice	False	True	False	cosine	MinWeight	-1	0.1	1	150	200.0	20	5	100	0.999	True	10	None		True	0.0	0	150	1000	102.82307577133179	0.8160345554351807	-1	3.2632601261138916	-1	5.0067901611328125e-06	98.69513487815857	0.02365875244140625	101.9865939617157
1719389262.8518178	Node2Vec	0.9	False	128	10	1	True	0.9	False	128	10	1	True	100	20	250	300	5	42	100	20	250	300	5	42	BloomFilter	SuperSecretSalt1337	2	dice	BloomFilter	SuperSecretSalt1337	2	dice	1024	10	False	10	1024	1024	10	False	10	1024	1024	64	8	True	2000	32	8	True	10	1000	PNG	10	1000	PNG	./data/Daten_PPRL/fakename_1k.tsv	0.2	Alice	False	True	False	cosine	MinWeight	-1	0.1	1	200	200.0	20	5	100	0.999	True	10	None		True	0.0	0	200	1000	57.13380527496338	0.794649600982666	-1	3.756582260131836	-1	5.4836273193359375e-06	52.485443353652954	0.07323193550109863	56.31980085372925
1719389310.7429454	Node2Vec	0.9	False	128	10	1	True	0.9	False	128	10	1	True	100	20	250	300	5	42	100	20	250	300	5	42	BloomFilter	SuperSecretSalt1337	2	dice	BloomFilter	SuperSecretSalt1337	2	dice	1024	10	False	10	1024	1024	10	False	10	1024	1024	64	8	True	2000	32	8	True	10	1000	PNG	10	1000	PNG	./data/Daten_PPRL/fakename_1k.tsv	0.25	Alice	False	True	False	cosine	MinWeight	-1	0.125	1	250	200.0	20	5	100	0.999	True	10	None		True	0.004	1	250	1000	47.89070153236389	0.9359333515167236	-1	4.378375768661499	-1	1.0013580322265625e-05	42.34795594215393	0.19826722145080566	46.932514905929565
1719389345.2238388	Node2Vec	0.9	False	128	10	1	True	0.9	False	128	10	1	True	100	20	250	300	5	42	100	20	250	300	5	42	BloomFilter	SuperSecretSalt1337	2	dice	BloomFilter	SuperSecretSalt1337	2	dice	1024	10	False	10	1024	1024	10	False	10	1024	1024	64	8	True	2000	32	8	True	10	1000	PNG	10	1000	PNG	./data/Daten_PPRL/fakename_1k.tsv	0.3	Alice	False	True	False	cosine	MinWeight	-1	0.15	1	300	200.0	20	5	100	0.999	True	10	None		True	0.0	0	300	1000	34.48033785820007	0.8548364639282227	-1	4.829030275344849	-1	5.9604644775390625e-06	28.7382230758667	0.03291583061218262	33.60509419441223
1719389378.1007686	Node2Vec	0.9	False	128	10	1	True	0.9	False	128	10	1	True	100	20	250	300	5	42	100	20	250	300	5	42	BloomFilter	SuperSecretSalt1337	2	dice	BloomFilter	SuperSecretSalt1337	2	dice	1024	10	False	10	1024	1024	10	False	10	1024	1024	64	8	True	2000	32	8	True	10	1000	PNG	10	1000	PNG	./data/Daten_PPRL/fakename_1k.tsv	0.35	Alice	False	True	False	cosine	MinWeight	-1	0.175	1	350	200.0	20	5	100	0.999	True	10	None		True	0.005714285714285714	2	350	1000	32.87634873390198	0.8727841377258301	-1	5.419707298278809	-1	5.4836273193359375e-06	26.493104457855225	0.06469988822937012	31.982558727264404
1719389415.5610523	Node2Vec	0.9	False	128	10	1	True	0.9	False	128	10	1	True	100	20	250	300	5	42	100	20	250	300	5	42	BloomFilter	SuperSecretSalt1337	2	dice	BloomFilter	SuperSecretSalt1337	2	dice	1024	10	False	10	1024	1024	10	False	10	1024	1024	64	8	True	2000	32	8	True	10	1000	PNG	10	1000	PNG	./data/Daten_PPRL/fakename_1k.tsv	0.4	Alice	False	True	False	cosine	MinWeight	-1	0.2	1	400	200.0	20	5	100	0.999	True	10	None		True	0.015	6	400	1000	37.459877014160156	0.8919522762298584	-1	6.044169664382935	-1	6.198883056640625e-06	30.45285201072693	0.04439878463745117	36.54671859741211
1719389464.9096994	Node2Vec	0.9	False	128	10	1	True	0.9	False	128	10	1	True	100	20	250	300	5	42	100	20	250	300	5	42	BloomFilter	SuperSecretSalt1337	2	dice	BloomFilter	SuperSecretSalt1337	2	dice	1024	10	False	10	1024	1024	10	False	10	1024	1024	64	8	True	2000	32	8	True	10	1000	PNG	10	1000	PNG	./data/Daten_PPRL/fakename_1k.tsv	0.45	Alice	False	True	False	cosine	MinWeight	-1	0.225	1	450	200.0	20	5	100	0.999	True	10	None		True	0.96	432	450	1000	49.34812092781067	0.8922479152679443	-1	6.413890361785889	-1	5.7220458984375e-06	41.97419834136963	0.04046177864074707	48.43376088142395
1719389509.9408453	Node2Vec	0.9	False	128	10	1	True	0.9	False	128	10	1	True	100	20	250	300	5	42	100	20	250	300	5	42	BloomFilter	SuperSecretSalt1337	2	dice	BloomFilter	SuperSecretSalt1337	2	dice	1024	10	False	10	1024	1024	10	False	10	1024	1024	64	8	True	2000	32	8	True	10	1000	PNG	10	1000	PNG	./data/Daten_PPRL/fakename_1k.tsv	0.5	Alice	False	True	False	cosine	MinWeight	-1	0.25	1	500	200.0	20	5	100	0.999	True	10	None		True	0.98	490	500	1000	45.03066611289978	0.9177672863006592	-1	7.287111043930054	-1	6.67572021484375e-06	36.75444793701172	0.043288230895996094	44.090500593185425
1719389549.6013665	Node2Vec	0.9	False	128	10	1	True	0.9	False	128	10	1	True	100	20	250	300	5	42	100	20	250	300	5	42	BloomFilter	SuperSecretSalt1337	2	dice	BloomFilter	SuperSecretSalt1337	2	dice	1024	10	False	10	1024	1024	10	False	10	1024	1024	64	8	True	2000	32	8	True	10	1000	PNG	10	1000	PNG	./data/Daten_PPRL/fakename_1k.tsv	0.55	Alice	False	True	False	cosine	MinWeight	-1	0.275	1	550	200.0	20	5	100	0.999	True	10	None		True	0.9890909090909091	544	550	1000	39.65996813774109	0.9231770038604736	-1	7.82129168510437	-1	5.245208740234375e-06	30.84220290184021	0.044176340103149414	38.71322703361511
1719389563.851697	Node2Vec	0.9	False	128	10	1	True	0.9	False	128	10	1	True	100	20	250	300	5	42	100	20	250	300	5	42	BloomFilter	SuperSecretSalt1337	2	dice	BloomFilter	SuperSecretSalt1337	2	dice	1024	10	False	10	1024	1024	10	False	10	1024	1024	64	8	True	2000	32	8	True	10	1000	PNG	10	1000	PNG	./data/Daten_PPRL/fakename_1k.tsv	0.6	Alice	False	True	False	cosine	MinWeight	-1	0.3	1	600	200.0	20	5	100	0.999	True	10	None		True	0.9983333333333333	599	600	1000	14.24976396560669	1.1055822372436523	-1	8.47917628288269	-1	5.9604644775390625e-06	4.606412410736084	0.028374433517456055	13.119528770446777
1719389575.196458	Node2Vec	0.9	False	128	10	1	True	0.9	False	128	10	1	True	100	20	250	300	5	42	100	20	250	300	5	42	BloomFilter	SuperSecretSalt1337	2	dice	BloomFilter	SuperSecretSalt1337	2	dice	1024	10	False	10	1024	1024	10	False	10	1024	1024	64	8	True	2000	32	8	True	10	1000	PNG	10	1000	PNG	./data/Daten_PPRL/fakename_1k.tsv	0.65	Alice	False	True	False	cosine	MinWeight	-1	0.325	1	650	200.0	20	5	100	0.999	True	10	None		True	1.0	650	650	1000	11.344309568405151	0.9873583316802979	-1	9.020530223846436	-1	5.4836273193359375e-06	1.2736828327178955	0.03244209289550781	10.332535028457642
1719389587.3384414	Node2Vec	0.9	False	128	10	1	True	0.9	False	128	10	1	True	100	20	250	300	5	42	100	20	250	300	5	42	BloomFilter	SuperSecretSalt1337	2	dice	BloomFilter	SuperSecretSalt1337	2	dice	1024	10	False	10	1024	1024	10	False	10	1024	1024	64	8	True	2000	32	8	True	10	1000	PNG	10	1000	PNG	./data/Daten_PPRL/fakename_1k.tsv	0.7	Alice	False	True	False	cosine	MinWeight	-1	0.35	1	700	200.0	20	5	100	0.999	True	10	None		True	1.0	700	700	1000	12.141387939453125	0.9864969253540039	-1	9.75989055633545	-1	5.9604644775390625e-06	1.3282184600830078	0.03481292724609375	11.128905057907104
1719389603.044626	Node2Vec	0.9	False	128	10	1	True	0.9	False	128	10	1	True	100	20	250	300	5	42	100	20	250	300	5	42	BloomFilter	SuperSecretSalt1337	2	dice	BloomFilter	SuperSecretSalt1337	2	dice	1024	10	False	10	1024	1024	10	False	10	1024	1024	64	8	True	2000	32	8	True	10	1000	PNG	10	1000	PNG	./data/Daten_PPRL/fakename_1k.tsv	0.75	Alice	False	True	False	cosine	MinWeight	-1	0.375	1	750	200.0	20	5	100	0.999	True	10	None		True	1.0	750	750	1000	15.705606460571289	1.0014026165008545	-1	10.351509094238281	-1	5.9604644775390625e-06	4.276139259338379	0.042792320251464844	14.676722288131714
1719389617.621212	Node2Vec	0.9	False	128	10	1	True	0.9	False	128	10	1	True	100	20	250	300	5	42	100	20	250	300	5	42	BloomFilter	SuperSecretSalt1337	2	dice	BloomFilter	SuperSecretSalt1337	2	dice	1024	10	False	10	1024	1024	10	False	10	1024	1024	64	8	True	2000	32	8	True	10	1000	PNG	10	1000	PNG	./data/Daten_PPRL/fakename_1k.tsv	0.8	Alice	False	True	False	cosine	MinWeight	-1	0.4	1	800	200.0	20	5	100	0.999	True	10	None		True	1.0	800	800	1000	14.576060056686401	1.024674892425537	-1	11.10180926322937	-1	6.4373016357421875e-06	2.3772568702697754	0.03685641288757324	13.523488521575928
1719389635.2517693	Node2Vec	0.9	False	128	10	1	True	0.9	False	128	10	1	True	100	20	250	300	5	42	100	20	250	300	5	42	BloomFilter	SuperSecretSalt1337	2	dice	BloomFilter	SuperSecretSalt1337	2	dice	1024	10	False	10	1024	1024	10	False	10	1024	1024	64	8	True	2000	32	8	True	10	1000	PNG	10	1000	PNG	./data/Daten_PPRL/fakename_1k.tsv	0.85	Alice	False	True	False	cosine	MinWeight	-1	0.425	1	850	200.0	20	5	100	0.999	True	10	None		True	1.0	850	850	1000	17.62903356552124	1.0346519947052002	-1	12.116881608963013	-1	5.4836273193359375e-06	4.406763315200806	0.03510451316833496	16.56550407409668
1719389657.2897003	Node2Vec	0.9	False	128	10	1	True	0.9	False	128	10	1	True	100	20	250	300	5	42	100	20	250	300	5	42	BloomFilter	SuperSecretSalt1337	2	dice	BloomFilter	SuperSecretSalt1337	2	dice	1024	10	False	10	1024	1024	10	False	10	1024	1024	64	8	True	2000	32	8	True	10	1000	PNG	10	1000	PNG	./data/Daten_PPRL/fakename_1k.tsv	0.9	Alice	False	True	False	cosine	MinWeight	-1	0.45	1	900	200.0	20	5	100	0.999	True	10	None		True	1.0	900	900	1000	22.037410497665405	1.0432398319244385	-1	12.489909410476685	-1	7.62939453125e-06	8.432878971099854	0.03518962860107422	20.96438765525818
1719389674.3950884	Node2Vec	0.9	False	128	10	1	True	0.9	False	128	10	1	True	100	20	250	300	5	42	100	20	250	300	5	42	BloomFilter	SuperSecretSalt1337	2	dice	BloomFilter	SuperSecretSalt1337	2	dice	1024	10	False	10	1024	1024	10	False	10	1024	1024	64	8	True	2000	32	8	True	10	1000	PNG	10	1000	PNG	./data/Daten_PPRL/fakename_1k.tsv	0.95	Alice	False	True	False	cosine	MinWeight	-1	0.475	1	950	200.0	20	5	100	0.999	True	10	None		True	1.0	950	950	1000	17.104877710342407	1.1075825691223145	-1	13.067741870880127	-1	6.198883056640625e-06	2.8550212383270264	0.03634357452392578	15.965542078018188
1719389731.4135098	Node2Vec	0.9	False	128	10	1	True	0.9	False	128	10	1	True	100	20	250	300	5	42	100	20	250	300	5	42	BloomFilter	SuperSecretSalt1337	2	dice	BloomFilter	SuperSecretSalt1337	2	dice	1024	10	False	10	1024	1024	10	False	10	1024	1024	64	8	True	2000	32	8	True	10	1000	PNG	10	1000	PNG	./data/Daten_PPRL/fakename_1k.tsv	1.0	Alice	False	True	False	cosine	MinWeight	-1	0.5	1	1000	200.0	20	5	100	0.999	True	10	None		True	1.0	1000	1000	1000	57.01788139343262	1.1010494232177734	-1	14.019469022750854	-1	6.198883056640625e-06	41.78399205207825	0.07078409194946289	55.88098907470703
1719389781.3938115	Node2Vec	0.9	False	128	10	1	True	0.9	False	128	10	1	True	100	20	250	300	5	42	100	20	250	300	5	42	BloomFilter	SuperSecretSalt1337	2	dice	BloomFilter	SuperSecretSalt1337	2	dice	1024	10	False	10	1024	1024	10	False	10	1024	1024	64	8	True	2000	32	8	True	10	1000	PNG	10	1000	PNG	./data/Daten_PPRL/fakename_2k.tsv	0.05	Alice	False	True	False	cosine	MinWeight	-1	0.1	1	100	200.0	20	5	100	0.999	True	10	None		True	0.0	0	100	2000	49.979625940322876	0.9134807586669922	1.5619583129882812	2.8872358798980713	28.113635301589966	8.58306884765625e-06	16.389790296554565	0.02990412712097168	47.430158615112305
1719389819.329684	Node2Vec	0.9	False	128	10	1	True	0.9	False	128	10	1	True	100	20	250	300	5	42	100	20	250	300	5	42	BloomFilter	SuperSecretSalt1337	2	dice	BloomFilter	SuperSecretSalt1337	2	dice	1024	10	False	10	1024	1024	10	False	10	1024	1024	64	8	True	2000	32	8	True	10	1000	PNG	10	1000	PNG	./data/Daten_PPRL/fakename_2k.tsv	0.1	Alice	False	True	False	cosine	MinWeight	-1	0.1	1	200	200.0	20	5	100	0.999	True	10	None		True	0.0	0	200	2000	37.935218334198	0.9694361686706543	-1	3.7661166191101074	-1	5.9604644775390625e-06	33.09959006309509	0.03039264678955078	36.90099763870239
1719389857.4231477	Node2Vec	0.9	False	128	10	1	True	0.9	False	128	10	1	True	100	20	250	300	5	42	100	20	250	300	5	42	BloomFilter	SuperSecretSalt1337	2	dice	BloomFilter	SuperSecretSalt1337	2	dice	1024	10	False	10	1024	1024	10	False	10	1024	1024	64	8	True	2000	32	8	True	10	1000	PNG	10	1000	PNG	./data/Daten_PPRL/fakename_2k.tsv	0.15	Alice	False	True	False	cosine	MinWeight	-1	0.1	1	300	200.0	20	5	100	0.999	True	10	None		True	0.0	0	300	2000	38.09290146827698	1.0038881301879883	-1	4.939619064331055	-1	5.7220458984375e-06	32.03709673881531	0.03775906562805176	37.02020597457886
1719389901.5265493	Node2Vec	0.9	False	128	10	1	True	0.9	False	128	10	1	True	100	20	250	300	5	42	100	20	250	300	5	42	BloomFilter	SuperSecretSalt1337	2	dice	BloomFilter	SuperSecretSalt1337	2	dice	1024	10	False	10	1024	1024	10	False	10	1024	1024	64	8	True	2000	32	8	True	10	1000	PNG	10	1000	PNG	./data/Daten_PPRL/fakename_2k.tsv	0.2	Alice	False	True	False	cosine	MinWeight	-1	0.1	1	400	200.0	20	5	100	0.999	True	10	None		True	0.01	4	400	2000	44.10268020629883	1.0403952598571777	-1	6.02146053314209	-1	5.245208740234375e-06	36.924038887023926	0.044790029525756836	42.99568319320679
1719389945.8362415	Node2Vec	0.9	False	128	10	1	True	0.9	False	128	10	1	True	100	20	250	300	5	42	100	20	250	300	5	42	BloomFilter	SuperSecretSalt1337	2	dice	BloomFilter	SuperSecretSalt1337	2	dice	1024	10	False	10	1024	1024	10	False	10	1024	1024	64	8	True	2000	32	8	True	10	1000	PNG	10	1000	PNG	./data/Daten_PPRL/fakename_2k.tsv	0.25	Alice	False	True	False	cosine	MinWeight	-1	0.125	1	500	200.0	20	5	100	0.999	True	10	None		True	0.012	6	500	2000	44.30907201766968	1.0432121753692627	-1	7.3712992668151855	-1	6.4373016357421875e-06	35.78005123138428	0.039643287658691406	43.1970956325531
1719389991.0337932	Node2Vec	0.9	False	128	10	1	True	0.9	False	128	10	1	True	100	20	250	300	5	42	100	20	250	300	5	42	BloomFilter	SuperSecretSalt1337	2	dice	BloomFilter	SuperSecretSalt1337	2	dice	1024	10	False	10	1024	1024	10	False	10	1024	1024	64	8	True	2000	32	8	True	10	1000	PNG	10	1000	PNG	./data/Daten_PPRL/fakename_2k.tsv	0.3	Alice	False	True	False	cosine	MinWeight	-1	0.15	1	600	200.0	20	5	100	0.999	True	10	None		True	0.9233333333333333	554	600	2000	45.19690465927124	1.0783970355987549	-1	8.381104946136475	-1	5.245208740234375e-06	35.61634588241577	0.045456886291503906	44.04879450798035
1719390032.3181646	Node2Vec	0.9	False	128	10	1	True	0.9	False	128	10	1	True	100	20	250	300	5	42	100	20	250	300	5	42	BloomFilter	SuperSecretSalt1337	2	dice	BloomFilter	SuperSecretSalt1337	2	dice	1024	10	False	10	1024	1024	10	False	10	1024	1024	64	8	True	2000	32	8	True	10	1000	PNG	10	1000	PNG	./data/Daten_PPRL/fakename_2k.tsv	0.35	Alice	False	True	False	cosine	MinWeight	-1	0.175	1	700	200.0	20	5	100	0.999	True	10	None		True	0.9742857142857143	682	700	2000	41.28364372253418	1.1138060092926025	-1	10.160115480422974	-1	5.7220458984375e-06	29.86602759361267	0.06554675102233887	40.097816705703735
1719390089.7369828	Node2Vec	0.9	False	128	10	1	True	0.9	False	128	10	1	True	100	20	250	300	5	42	100	20	250	300	5	42	BloomFilter	SuperSecretSalt1337	2	dice	BloomFilter	SuperSecretSalt1337	2	dice	1024	10	False	10	1024	1024	10	False	10	1024	1024	64	8	True	2000	32	8	True	10	1000	PNG	10	1000	PNG	./data/Daten_PPRL/fakename_2k.tsv	0.4	Alice	False	True	False	cosine	MinWeight	-1	0.2	1	800	200.0	20	5	100	0.999	True	10	None		True	0.985	788	800	2000	57.41689324378967	1.2370266914367676	-1	11.161800622940063	-1	5.245208740234375e-06	44.873268365859985	0.0660703182220459	56.10766863822937
1719390130.5625527	Node2Vec	0.9	False	128	10	1	True	0.9	False	128	10	1	True	100	20	250	300	5	42	100	20	250	300	5	42	BloomFilter	SuperSecretSalt1337	2	dice	BloomFilter	SuperSecretSalt1337	2	dice	1024	10	False	10	1024	1024	10	False	10	1024	1024	64	8	True	2000	32	8	True	10	1000	PNG	10	1000	PNG	./data/Daten_PPRL/fakename_2k.tsv	0.45	Alice	False	True	False	cosine	MinWeight	-1	0.225	1	900	200.0	20	5	100	0.999	True	10	None		True	0.9866666666666667	888	900	2000	40.82430648803711	1.146174430847168	-1	12.60545825958252	-1	5.245208740234375e-06	26.937731742858887	0.05321502685546875	39.603090047836304
1719390147.0556395	Node2Vec	0.9	False	128	10	1	True	0.9	False	128	10	1	True	100	20	250	300	5	42	100	20	250	300	5	42	BloomFilter	SuperSecretSalt1337	2	dice	BloomFilter	SuperSecretSalt1337	2	dice	1024	10	False	10	1024	1024	10	False	10	1024	1024	64	8	True	2000	32	8	True	10	1000	PNG	10	1000	PNG	./data/Daten_PPRL/fakename_2k.tsv	0.5	Alice	False	True	False	cosine	MinWeight	-1	0.25	1	1000	200.0	20	5	100	0.999	True	10	None		True	1.0	1000	1000	2000	16.49252700805664	1.2891132831573486	-1	13.908724546432495	-1	5.7220458984375e-06	1.1482229232788086	0.061463356018066406	15.12531065940857
1719390167.4556148	Node2Vec	0.9	False	128	10	1	True	0.9	False	128	10	1	True	100	20	250	300	5	42	100	20	250	300	5	42	BloomFilter	SuperSecretSalt1337	2	dice	BloomFilter	SuperSecretSalt1337	2	dice	1024	10	False	10	1024	1024	10	False	10	1024	1024	64	8	True	2000	32	8	True	10	1000	PNG	10	1000	PNG	./data/Daten_PPRL/fakename_2k.tsv	0.55	Alice	False	True	False	cosine	MinWeight	-1	0.275	1	1100	200.0	20	5	100	0.999	True	10	None		True	1.0	1100	1100	2000	20.3991379737854	1.222618818283081	-1	15.000249147415161	-1	5.0067901611328125e-06	4.001595973968506	0.08544230461120605	19.094475746154785
1719390186.397466	Node2Vec	0.9	False	128	10	1	True	0.9	False	128	10	1	True	100	20	250	300	5	42	100	20	250	300	5	42	BloomFilter	SuperSecretSalt1337	2	dice	BloomFilter	SuperSecretSalt1337	2	dice	1024	10	False	10	1024	1024	10	False	10	1024	1024	64	8	True	2000	32	8	True	10	1000	PNG	10	1000	PNG	./data/Daten_PPRL/fakename_2k.tsv	0.6	Alice	False	True	False	cosine	MinWeight	-1	0.3	1	1200	200.0	20	5	100	0.999	True	10	None		True	1.0	1200	1200	2000	18.940807580947876	1.2465221881866455	-1	16.400656700134277	-1	6.67572021484375e-06	1.1254513263702393	0.07551789283752441	17.609281539916992
1719390207.764613	Node2Vec	0.9	False	128	10	1	True	0.9	False	128	10	1	True	100	20	250	300	5	42	100	20	250	300	5	42	BloomFilter	SuperSecretSalt1337	2	dice	BloomFilter	SuperSecretSalt1337	2	dice	1024	10	False	10	1024	1024	10	False	10	1024	1024	64	8	True	2000	32	8	True	10	1000	PNG	10	1000	PNG	./data/Daten_PPRL/fakename_2k.tsv	0.65	Alice	False	True	False	cosine	MinWeight	-1	0.325	1	1300	200.0	20	5	100	0.999	True	10	None		True	1.0	1300	1300	2000	21.365662574768066	1.3465538024902344	-1	17.84022068977356	-1	5.7220458984375e-06	1.995513677597046	0.08695101737976074	19.930402755737305
1719390230.2773318	Node2Vec	0.9	False	128	10	1	True	0.9	False	128	10	1	True	100	20	250	300	5	42	100	20	250	300	5	42	BloomFilter	SuperSecretSalt1337	2	dice	BloomFilter	SuperSecretSalt1337	2	dice	1024	10	False	10	1024	1024	10	False	10	1024	1024	64	8	True	2000	32	8	True	10	1000	PNG	10	1000	PNG	./data/Daten_PPRL/fakename_2k.tsv	0.7	Alice	False	True	False	cosine	MinWeight	-1	0.35	1	1400	200.0	20	5	100	0.999	True	10	None		True	1.0	1400	1400	2000	22.511651754379272	1.359001636505127	-1	19.385139226913452	-1	6.198883056640625e-06	1.5996649265289307	0.0664362907409668	21.058997631072998
1719390254.827127	Node2Vec	0.9	False	128	10	1	True	0.9	False	128	10	1	True	100	20	250	300	5	42	100	20	250	300	5	42	BloomFilter	SuperSecretSalt1337	2	dice	BloomFilter	SuperSecretSalt1337	2	dice	1024	10	False	10	1024	1024	10	False	10	1024	1024	64	8	True	2000	32	8	True	10	1000	PNG	10	1000	PNG	./data/Daten_PPRL/fakename_2k.tsv	0.75	Alice	False	True	False	cosine	MinWeight	-1	0.375	1	1500	200.0	20	5	100	0.999	True	10	None		True	1.0	1500	1500	2000	24.54913568496704	1.4012045860290527	-1	20.59665322303772	-1	6.67572021484375e-06	2.3836426734924316	0.06650233268737793	23.054761171340942
1719390290.0685716	Node2Vec	0.9	False	128	10	1	True	0.9	False	128	10	1	True	100	20	250	300	5	42	100	20	250	300	5	42	BloomFilter	SuperSecretSalt1337	2	dice	BloomFilter	SuperSecretSalt1337	2	dice	1024	10	False	10	1024	1024	10	False	10	1024	1024	64	8	True	2000	32	8	True	10	1000	PNG	10	1000	PNG	./data/Daten_PPRL/fakename_2k.tsv	0.8	Alice	False	True	False	cosine	MinWeight	-1	0.4	1	1600	200.0	20	5	100	0.999	True	10	None		True	0.99875	1598	1600	2000	35.24035429954529	1.4397494792938232	-1	21.713873624801636	-1	6.9141387939453125e-06	11.909456253051758	0.0723714828491211	33.70398998260498
1719390319.5826952	Node2Vec	0.9	False	128	10	1	True	0.9	False	128	10	1	True	100	20	250	300	5	42	100	20	250	300	5	42	BloomFilter	SuperSecretSalt1337	2	dice	BloomFilter	SuperSecretSalt1337	2	dice	1024	10	False	10	1024	1024	10	False	10	1024	1024	64	8	True	2000	32	8	True	10	1000	PNG	10	1000	PNG	./data/Daten_PPRL/fakename_2k.tsv	0.85	Alice	False	True	False	cosine	MinWeight	-1	0.425	1	1700	200.0	20	5	100	0.999	True	10	None		True	1.0	1700	1700	2000	29.5130398273468	1.5013244152069092	-1	23.437269926071167	-1	5.4836273193359375e-06	4.391249179840088	0.07047057151794434	27.907483100891113
1719390348.4663336	Node2Vec	0.9	False	128	10	1	True	0.9	False	128	10	1	True	100	20	250	300	5	42	100	20	250	300	5	42	BloomFilter	SuperSecretSalt1337	2	dice	BloomFilter	SuperSecretSalt1337	2	dice	1024	10	False	10	1024	1024	10	False	10	1024	1024	64	8	True	2000	32	8	True	10	1000	PNG	10	1000	PNG	./data/Daten_PPRL/fakename_2k.tsv	0.9	Alice	False	True	False	cosine	MinWeight	-1	0.45	1	1800	200.0	20	5	100	0.999	True	10	None		True	1.0	1800	1800	2000	28.882302284240723	1.5680046081542969	-1	24.56468439102173	-1	6.198883056640625e-06	2.525467872619629	0.10449743270874023	27.20333170890808
1719390383.2880313	Node2Vec	0.9	False	128	10	1	True	0.9	False	128	10	1	True	100	20	250	300	5	42	100	20	250	300	5	42	BloomFilter	SuperSecretSalt1337	2	dice	BloomFilter	SuperSecretSalt1337	2	dice	1024	10	False	10	1024	1024	10	False	10	1024	1024	64	8	True	2000	32	8	True	10	1000	PNG	10	1000	PNG	./data/Daten_PPRL/fakename_2k.tsv	0.95	Alice	False	True	False	cosine	MinWeight	-1	0.475	1	1900	200.0	20	5	100	0.999	True	10	None		True	1.0	1900	1900	2000	34.82024431228638	1.6141042709350586	-1	26.425958395004272	-1	5.4836273193359375e-06	6.526897430419922	0.12076139450073242	33.08328437805176
1719390417.101222	Node2Vec	0.9	False	128	10	1	True	0.9	False	128	10	1	True	100	20	250	300	5	42	100	20	250	300	5	42	BloomFilter	SuperSecretSalt1337	2	dice	BloomFilter	SuperSecretSalt1337	2	dice	1024	10	False	10	1024	1024	10	False	10	1024	1024	64	8	True	2000	32	8	True	10	1000	PNG	10	1000	PNG	./data/Daten_PPRL/fakename_2k.tsv	1.0	Alice	False	True	False	cosine	MinWeight	-1	0.5	1	2000	200.0	20	5	100	0.999	True	10	None		True	1.0	2000	2000	2000	33.81203365325928	1.672555923461914	-1	27.905919313430786	-1	7.867813110351562e-06	3.9985618591308594	0.09085965156555176	32.0058069229126
1719390542.2974982	Node2Vec	0.9	False	128	10	1	True	0.9	False	128	10	1	True	100	20	250	300	5	42	100	20	250	300	5	42	BloomFilter	SuperSecretSalt1337	2	dice	BloomFilter	SuperSecretSalt1337	2	dice	1024	10	False	10	1024	1024	10	False	10	1024	1024	64	8	True	2000	32	8	True	10	1000	PNG	10	1000	PNG	./data/Daten_PPRL/fakename_5k.tsv	0.05	Alice	False	True	False	cosine	MinWeight	-1	0.1	1	250	200.0	20	5	100	0.999	True	10	None		True	0.0	0	250	5000	125.19516491889954	1.100022792816162	4.4406609535217285	4.329594850540161	82.3277177810669	8.106231689453125e-06	32.59055685997009	0.06421279907226562	119.32873702049255
1719390582.8865864	Node2Vec	0.9	False	128	10	1	True	0.9	False	128	10	1	True	100	20	250	300	5	42	100	20	250	300	5	42	BloomFilter	SuperSecretSalt1337	2	dice	BloomFilter	SuperSecretSalt1337	2	dice	1024	10	False	10	1024	1024	10	False	10	1024	1024	64	8	True	2000	32	8	True	10	1000	PNG	10	1000	PNG	./data/Daten_PPRL/fakename_5k.tsv	0.1	Alice	False	True	False	cosine	MinWeight	-1	0.1	1	500	200.0	20	5	100	0.999	True	10	None		True	0.01	5	500	5000	40.58796572685242	1.1819899082183838	-1	7.405379295349121	-1	6.4373016357421875e-06	31.59747815132141	0.07841300964355469	39.088547229766846
1719390667.8763685	Node2Vec	0.9	False	128	10	1	True	0.9	False	128	10	1	True	100	20	250	300	5	42	100	20	250	300	5	42	BloomFilter	SuperSecretSalt1337	2	dice	BloomFilter	SuperSecretSalt1337	2	dice	1024	10	False	10	1024	1024	10	False	10	1024	1024	64	8	True	2000	32	8	True	10	1000	PNG	10	1000	PNG	./data/Daten_PPRL/fakename_5k.tsv	0.15	Alice	False	True	False	cosine	MinWeight	-1	0.1	1	750	200.0	20	5	100	0.999	True	10	None		True	0.752	564	750	5000	84.98836421966553	1.2515130043029785	-1	10.694712162017822	-1	5.7220458984375e-06	72.60516881942749	0.10428881645202637	83.41133499145508
1719390730.274916	Node2Vec	0.9	False	128	10	1	True	0.9	False	128	10	1	True	100	20	250	300	5	42	100	20	250	300	5	42	BloomFilter	SuperSecretSalt1337	2	dice	BloomFilter	SuperSecretSalt1337	2	dice	1024	10	False	10	1024	1024	10	False	10	1024	1024	64	8	True	2000	32	8	True	10	1000	PNG	10	1000	PNG	./data/Daten_PPRL/fakename_5k.tsv	0.2	Alice	False	True	False	cosine	MinWeight	-1	0.1	1	1000	200.0	20	5	100	0.999	True	10	None		True	0.951	951	1000	5000	62.3965163230896	1.3574447631835938	-1	13.954328298568726	-1	6.9141387939453125e-06	46.58012533187866	0.16172432899475098	60.70404267311096
1719390777.0081065	Node2Vec	0.9	False	128	10	1	True	0.9	False	128	10	1	True	100	20	250	300	5	42	100	20	250	300	5	42	BloomFilter	SuperSecretSalt1337	2	dice	BloomFilter	SuperSecretSalt1337	2	dice	1024	10	False	10	1024	1024	10	False	10	1024	1024	64	8	True	2000	32	8	True	10	1000	PNG	10	1000	PNG	./data/Daten_PPRL/fakename_5k.tsv	0.25	Alice	False	True	False	cosine	MinWeight	-1	0.125	1	1250	200.0	20	5	100	0.999	True	10	None		True	0.9704	1213	1250	5000	46.73195672035217	1.483220100402832	-1	17.309704542160034	-1	7.152557373046875e-06	27.44135332107544	0.15417861938476562	44.91700887680054
1719390834.3221211	Node2Vec	0.9	False	128	10	1	True	0.9	False	128	10	1	True	100	20	250	300	5	42	100	20	250	300	5	42	BloomFilter	SuperSecretSalt1337	2	dice	BloomFilter	SuperSecretSalt1337	2	dice	1024	10	False	10	1024	1024	10	False	10	1024	1024	64	8	True	2000	32	8	True	10	1000	PNG	10	1000	PNG	./data/Daten_PPRL/fakename_5k.tsv	0.3	Alice	False	True	False	cosine	MinWeight	-1	0.15	1	1500	200.0	20	5	100	0.999	True	10	None		True	0.9873333333333333	1481	1500	5000	57.31285572052002	1.502124309539795	-1	20.46755290031433	-1	6.4373016357421875e-06	34.79436135292053	0.19776368141174316	55.468998670578
1719390862.1607864	Node2Vec	0.9	False	128	10	1	True	0.9	False	128	10	1	True	100	20	250	300	5	42	100	20	250	300	5	42	BloomFilter	SuperSecretSalt1337	2	dice	BloomFilter	SuperSecretSalt1337	2	dice	1024	10	False	10	1024	1024	10	False	10	1024	1024	64	8	True	2000	32	8	True	10	1000	PNG	10	1000	PNG	./data/Daten_PPRL/fakename_5k.tsv	0.35	Alice	False	True	False	cosine	MinWeight	-1	0.175	1	1750	200.0	20	5	100	0.999	True	10	None		True	1.0	1750	1750	5000	27.83794140815735	1.6212310791015625	-1	24.023850917816162	-1	6.9141387939453125e-06	1.6619255542755127	0.17046284675598145	25.868850231170654
1719390897.5813715	Node2Vec	0.9	False	128	10	1	True	0.9	False	128	10	1	True	100	20	250	300	5	42	100	20	250	300	5	42	BloomFilter	SuperSecretSalt1337	2	dice	BloomFilter	SuperSecretSalt1337	2	dice	1024	10	False	10	1024	1024	10	False	10	1024	1024	64	8	True	2000	32	8	True	10	1000	PNG	10	1000	PNG	./data/Daten_PPRL/fakename_5k.tsv	0.4	Alice	False	True	False	cosine	MinWeight	-1	0.2	1	2000	200.0	20	5	100	0.999	True	10	None		True	1.0	2000	2000	5000	35.41985201835632	1.7667558193206787	-1	27.74631428718567	-1	6.4373016357421875e-06	5.299963712692261	0.22539401054382324	33.281593799591064
1719390935.6953094	Node2Vec	0.9	False	128	10	1	True	0.9	False	128	10	1	True	100	20	250	300	5	42	100	20	250	300	5	42	BloomFilter	SuperSecretSalt1337	2	dice	BloomFilter	SuperSecretSalt1337	2	dice	1024	10	False	10	1024	1024	10	False	10	1024	1024	64	8	True	2000	32	8	True	10	1000	PNG	10	1000	PNG	./data/Daten_PPRL/fakename_5k.tsv	0.45	Alice	False	True	False	cosine	MinWeight	-1	0.225	1	2250	200.0	20	5	100	0.999	True	10	None		True	0.9995555555555555	2249	2250	5000	38.11317276954651	1.8872597217559814	-1	31.82312774658203	-1	6.67572021484375e-06	3.756258010864258	0.2599906921386719	35.84982943534851
1719390977.2015872	Node2Vec	0.9	False	128	10	1	True	0.9	False	128	10	1	True	100	20	250	300	5	42	100	20	250	300	5	42	BloomFilter	SuperSecretSalt1337	2	dice	BloomFilter	SuperSecretSalt1337	2	dice	1024	10	False	10	1024	1024	10	False	10	1024	1024	64	8	True	2000	32	8	True	10	1000	PNG	10	1000	PNG	./data/Daten_PPRL/fakename_5k.tsv	0.5	Alice	False	True	False	cosine	MinWeight	-1	0.25	1	2500	200.0	20	5	100	0.999	True	10	None		True	0.9996	2499	2500	5000	41.50551176071167	2.0873448848724365	-1	35.93265461921692	-1	7.152557373046875e-06	2.8135178089141846	0.2712090015411377	39.028510093688965
1719391023.6139686	Node2Vec	0.9	False	128	10	1	True	0.9	False	128	10	1	True	100	20	250	300	5	42	100	20	250	300	5	42	BloomFilter	SuperSecretSalt1337	2	dice	BloomFilter	SuperSecretSalt1337	2	dice	1024	10	False	10	1024	1024	10	False	10	1024	1024	64	8	True	2000	32	8	True	10	1000	PNG	10	1000	PNG	./data/Daten_PPRL/fakename_5k.tsv	0.55	Alice	False	True	False	cosine	MinWeight	-1	0.275	1	2750	200.0	20	5	100	0.999	True	10	None		True	1.0	2750	2750	5000	46.41157555580139	2.237074375152588	-1	39.87525653839111	-1	6.198883056640625e-06	3.5432145595550537	0.3481569290161133	43.77833938598633
1719391074.150774	Node2Vec	0.9	False	128	10	1	True	0.9	False	128	10	1	True	100	20	250	300	5	42	100	20	250	300	5	42	BloomFilter	SuperSecretSalt1337	2	dice	BloomFilter	SuperSecretSalt1337	2	dice	1024	10	False	10	1024	1024	10	False	10	1024	1024	64	8	True	2000	32	8	True	10	1000	PNG	10	1000	PNG	./data/Daten_PPRL/fakename_5k.tsv	0.6	Alice	False	True	False	cosine	MinWeight	-1	0.3	1	3000	200.0	20	5	100	0.999	True	10	None		True	1.0	3000	3000	5000	50.535998582839966	2.4181230068206787	-1	42.611910820007324	-1	0.003602266311645508	4.679485321044922	0.399411678314209	47.70881366729736
1719391159.923595	Node2Vec	0.9	False	128	10	1	True	0.9	False	128	10	1	True	100	20	250	300	5	42	100	20	250	300	5	42	BloomFilter	SuperSecretSalt1337	2	dice	BloomFilter	SuperSecretSalt1337	2	dice	1024	10	False	10	1024	1024	10	False	10	1024	1024	64	8	True	2000	32	8	True	10	1000	PNG	10	1000	PNG	./data/Daten_PPRL/fakename_5k.tsv	0.65	Alice	False	True	False	cosine	MinWeight	-1	0.325	1	3250	200.0	20	5	100	0.999	True	10	None		True	0.9975384615384615	3242	3250	5000	85.77198815345764	2.647810459136963	-1	47.68583679199219	-1	5.7220458984375e-06	34.59065771102905	0.3715629577636719	82.66094732284546
1719391222.8486564	Node2Vec	0.9	False	128	10	1	True	0.9	False	128	10	1	True	100	20	250	300	5	42	100	20	250	300	5	42	BloomFilter	SuperSecretSalt1337	2	dice	BloomFilter	SuperSecretSalt1337	2	dice	1024	10	False	10	1024	1024	10	False	10	1024	1024	64	8	True	2000	32	8	True	10	1000	PNG	10	1000	PNG	./data/Daten_PPRL/fakename_5k.tsv	0.7	Alice	False	True	False	cosine	MinWeight	-1	0.35	1	3500	200.0	20	5	100	0.999	True	10	None		True	1.0	3500	3500	5000	62.92419123649597	2.8052542209625244	-1	52.1542751789093	-1	5.9604644775390625e-06	7.022504091262817	0.43953943252563477	59.629541873931885
1719391304.1996403	Node2Vec	0.9	False	128	10	1	True	0.9	False	128	10	1	True	100	20	250	300	5	42	100	20	250	300	5	42	BloomFilter	SuperSecretSalt1337	2	dice	BloomFilter	SuperSecretSalt1337	2	dice	1024	10	False	10	1024	1024	10	False	10	1024	1024	64	8	True	2000	32	8	True	10	1000	PNG	10	1000	PNG	./data/Daten_PPRL/fakename_5k.tsv	0.75	Alice	False	True	False	cosine	MinWeight	-1	0.375	1	3750	200.0	20	5	100	0.999	True	10	None		True	1.0	3750	3750	5000	81.35012531280518	3.2160301208496094	-1	57.0668740272522	-1	6.9141387939453125e-06	20.04852843284607	0.48873090744018555	77.61811757087708
1719391380.3843246	Node2Vec	0.9	False	128	10	1	True	0.9	False	128	10	1	True	100	20	250	300	5	42	100	20	250	300	5	42	BloomFilter	SuperSecretSalt1337	2	dice	BloomFilter	SuperSecretSalt1337	2	dice	1024	10	False	10	1024	1024	10	False	10	1024	1024	64	8	True	2000	32	8	True	10	1000	PNG	10	1000	PNG	./data/Daten_PPRL/fakename_5k.tsv	0.8	Alice	False	True	False	cosine	MinWeight	-1	0.4	1	4000	200.0	20	5	100	0.999	True	10	None		True	1.0	4000	4000	5000	76.18378782272339	3.3261802196502686	-1	62.08350205421448	-1	5.9604644775390625e-06	9.762889862060547	0.506446361541748	72.3670961856842
1719391464.512185	Node2Vec	0.9	False	128	10	1	True	0.9	False	128	10	1	True	100	20	250	300	5	42	100	20	250	300	5	42	BloomFilter	SuperSecretSalt1337	2	dice	BloomFilter	SuperSecretSalt1337	2	dice	1024	10	False	10	1024	1024	10	False	10	1024	1024	64	8	True	2000	32	8	True	10	1000	PNG	10	1000	PNG	./data/Daten_PPRL/fakename_5k.tsv	0.85	Alice	False	True	False	cosine	MinWeight	-1	0.425	1	4250	200.0	20	5	100	0.999	True	10	None		True	1.0	4250	4250	5000	84.12696290016174	3.5741710662841797	-1	67.25514554977417	-1	6.67572021484375e-06	12.202888250350952	0.5199437141418457	79.99261927604675
1719391555.13785	Node2Vec	0.9	False	128	10	1	True	0.9	False	128	10	1	True	100	20	250	300	5	42	100	20	250	300	5	42	BloomFilter	SuperSecretSalt1337	2	dice	BloomFilter	SuperSecretSalt1337	2	dice	1024	10	False	10	1024	1024	10	False	10	1024	1024	64	8	True	2000	32	8	True	10	1000	PNG	10	1000	PNG	./data/Daten_PPRL/fakename_5k.tsv	0.9	Alice	False	True	False	cosine	MinWeight	-1	0.45	1	4500	200.0	20	5	100	0.999	True	10	None		True	1.0	4500	4500	5000	90.62476468086243	3.835685968399048	-1	70.84281945228577	-1	6.4373016357421875e-06	14.583554983139038	0.5723872184753418	86.01418447494507
1719391656.2984068	Node2Vec	0.9	False	128	10	1	True	0.9	False	128	10	1	True	100	20	250	300	5	42	100	20	250	300	5	42	BloomFilter	SuperSecretSalt1337	2	dice	BloomFilter	SuperSecretSalt1337	2	dice	1024	10	False	10	1024	1024	10	False	10	1024	1024	64	8	True	2000	32	8	True	10	1000	PNG	10	1000	PNG	./data/Daten_PPRL/fakename_5k.tsv	0.95	Alice	False	True	False	cosine	MinWeight	-1	0.475	1	4750	200.0	20	5	100	0.999	True	10	None		True	1.0	4750	4750	5000	101.1596360206604	3.8144986629486084	-1	77.68422436714172	-1	6.9141387939453125e-06	18.505898475646973	0.5739219188690186	96.78046250343323
1719391765.6433055	Node2Vec	0.9	False	128	10	1	True	0.9	False	128	10	1	True	100	20	250	300	5	42	100	20	250	300	5	42	BloomFilter	SuperSecretSalt1337	2	dice	BloomFilter	SuperSecretSalt1337	2	dice	1024	10	False	10	1024	1024	10	False	10	1024	1024	64	8	True	2000	32	8	True	10	1000	PNG	10	1000	PNG	./data/Daten_PPRL/fakename_5k.tsv	1.0	Alice	False	True	False	cosine	MinWeight	-1	0.5	1	5000	200.0	20	5	100	0.999	True	10	None		True	1.0	5000	5000	5000	109.34398102760315	4.4429450035095215	-1	81.68830370903015	-1	7.152557373046875e-06	22.22339391708374	0.36771154403686523	104.29646420478821
1719392035.2532403	Node2Vec	0.9	False	128	10	1	True	0.9	False	128	10	1	True	100	20	250	300	5	42	100	20	250	300	5	42	BloomFilter	SuperSecretSalt1337	2	dice	BloomFilter	SuperSecretSalt1337	2	dice	1024	10	False	10	1024	1024	10	False	10	1024	1024	64	8	True	2000	32	8	True	10	1000	PNG	10	1000	PNG	./data/Daten_PPRL/fakename_10k.tsv	0.05	Alice	False	True	False	cosine	MinWeight	-1	0.1	1	500	200.0	20	5	100	0.999	True	10	None		True	0.004	2	500	10000	269.6089425086975	1.416921854019165	14.479706764221191	7.162610292434692	211.88502144813538	0.0003058910369873047	32.92468595504761	0.16958045959472656	252.17265033721924
1719392101.0453634	Node2Vec	0.9	False	128	10	1	True	0.9	False	128	10	1	True	100	20	250	300	5	42	100	20	250	300	5	42	BloomFilter	SuperSecretSalt1337	2	dice	BloomFilter	SuperSecretSalt1337	2	dice	1024	10	False	10	1024	1024	10	False	10	1024	1024	64	8	True	2000	32	8	True	10	1000	PNG	10	1000	PNG	./data/Daten_PPRL/fakename_10k.tsv	0.1	Alice	False	True	False	cosine	MinWeight	-1	0.1	1	1000	200.0	20	5	100	0.999	True	10	None		True	0.811	811	1000	10000	65.789883852005	1.4609575271606445	-1	13.944234371185303	-1	6.4373016357421875e-06	48.68062663078308	0.19800877571105957	62.83244347572327
1719392181.5717757	Node2Vec	0.9	False	128	10	1	True	0.9	False	128	10	1	True	100	20	250	300	5	42	100	20	250	300	5	42	BloomFilter	SuperSecretSalt1337	2	dice	BloomFilter	SuperSecretSalt1337	2	dice	1024	10	False	10	1024	1024	10	False	10	1024	1024	64	8	True	2000	32	8	True	10	1000	PNG	10	1000	PNG	./data/Daten_PPRL/fakename_10k.tsv	0.15	Alice	False	True	False	cosine	MinWeight	-1	0.1	1	1500	200.0	20	5	100	0.999	True	10	None		True	0.9606666666666667	1441	1500	10000	80.52543568611145	1.6955671310424805	-1	20.819466829299927	-1	6.67572021484375e-06	56.115434408187866	0.34561634063720703	77.29135942459106
1719392270.4725368	Node2Vec	0.9	False	128	10	1	True	0.9	False	128	10	1	True	100	20	250	300	5	42	100	20	250	300	5	42	BloomFilter	SuperSecretSalt1337	2	dice	BloomFilter	SuperSecretSalt1337	2	dice	1024	10	False	10	1024	1024	10	False	10	1024	1024	64	8	True	2000	32	8	True	10	1000	PNG	10	1000	PNG	./data/Daten_PPRL/fakename_10k.tsv	0.2	Alice	False	True	False	cosine	MinWeight	-1	0.1	1	2000	200.0	20	5	100	0.999	True	10	None		True	0.9715	1943	2000	10000	88.89987993240356	1.8984308242797852	-1	27.4286105632782	-1	8.106231689453125e-06	57.56616711616516	0.45000433921813965	85.45643448829651
1719392314.1037865	Node2Vec	0.9	False	128	10	1	True	0.9	False	128	10	1	True	100	20	250	300	5	42	100	20	250	300	5	42	BloomFilter	SuperSecretSalt1337	2	dice	BloomFilter	SuperSecretSalt1337	2	dice	1024	10	False	10	1024	1024	10	False	10	1024	1024	64	8	True	2000	32	8	True	10	1000	PNG	10	1000	PNG	./data/Daten_PPRL/fakename_10k.tsv	0.25	Alice	False	True	False	cosine	MinWeight	-1	0.125	1	2500	200.0	20	5	100	0.999	True	10	None		True	1.0	2500	2500	10000	43.63027238845825	2.2133870124816895	-1	35.80322337150574	-1	6.67572021484375e-06	3.432290554046631	0.597104549407959	39.844982862472534
1719392368.3581505	Node2Vec	0.9	False	128	10	1	True	0.9	False	128	10	1	True	100	20	250	300	5	42	100	20	250	300	5	42	BloomFilter	SuperSecretSalt1337	2	dice	BloomFilter	SuperSecretSalt1337	2	dice	1024	10	False	10	1024	1024	10	False	10	1024	1024	64	8	True	2000	32	8	True	10	1000	PNG	10	1000	PNG	./data/Daten_PPRL/fakename_10k.tsv	0.3	Alice	False	True	False	cosine	MinWeight	-1	0.15	1	3000	200.0	20	5	100	0.999	True	10	None		True	1.0	3000	3000	10000	54.25334024429321	2.563603162765503	-1	44.12324070930481	-1	6.9141387939453125e-06	5.158320903778076	0.7809553146362305	50.075979709625244
1719392437.0067716	Node2Vec	0.9	False	128	10	1	True	0.9	False	128	10	1	True	100	20	250	300	5	42	100	20	250	300	5	42	BloomFilter	SuperSecretSalt1337	2	dice	BloomFilter	SuperSecretSalt1337	2	dice	1024	10	False	10	1024	1024	10	False	10	1024	1024	64	8	True	2000	32	8	True	10	1000	PNG	10	1000	PNG	./data/Daten_PPRL/fakename_10k.tsv	0.35	Alice	False	True	False	cosine	MinWeight	-1	0.175	1	3500	200.0	20	5	100	0.999	True	10	None		True	1.0	3500	3500	10000	68.64759969711304	3.0494706630706787	-1	53.5459840297699	-1	1.1682510375976562e-05	9.496139287948608	0.8733952045440674	63.93284630775452
1719392514.083117	Node2Vec	0.9	False	128	10	1	True	0.9	False	128	10	1	True	100	20	250	300	5	42	100	20	250	300	5	42	BloomFilter	SuperSecretSalt1337	2	dice	BloomFilter	SuperSecretSalt1337	2	dice	1024	10	False	10	1024	1024	10	False	10	1024	1024	64	8	True	2000	32	8	True	10	1000	PNG	10	1000	PNG	./data/Daten_PPRL/fakename_10k.tsv	0.4	Alice	False	True	False	cosine	MinWeight	-1	0.2	1	4000	200.0	20	5	100	0.999	True	10	None		True	1.0	4000	4000	10000	77.07525706291199	3.47895884513855	-1	62.83209681510925	-1	6.9141387939453125e-06	8.05413007736206	0.9964330196380615	71.90476489067078
1719392604.0203028	Node2Vec	0.9	False	128	10	1	True	0.9	False	128	10	1	True	100	20	250	300	5	42	100	20	250	300	5	42	BloomFilter	SuperSecretSalt1337	2	dice	BloomFilter	SuperSecretSalt1337	2	dice	1024	10	False	10	1024	1024	10	False	10	1024	1024	64	8	True	2000	32	8	True	10	1000	PNG	10	1000	PNG	./data/Daten_PPRL/fakename_10k.tsv	0.45	Alice	False	True	False	cosine	MinWeight	-1	0.225	1	4500	200.0	20	5	100	0.999	True	10	None		True	1.0	4500	4500	10000	89.93603467941284	3.682286024093628	-1	73.15682744979858	-1	7.3909759521484375e-06	10.047892093658447	1.2289409637451172	84.45100402832031
1719392708.1248167	Node2Vec	0.9	False	128	10	1	True	0.9	False	128	10	1	True	100	20	250	300	5	42	100	20	250	300	5	42	BloomFilter	SuperSecretSalt1337	2	dice	BloomFilter	SuperSecretSalt1337	2	dice	1024	10	False	10	1024	1024	10	False	10	1024	1024	64	8	True	2000	32	8	True	10	1000	PNG	10	1000	PNG	./data/Daten_PPRL/fakename_10k.tsv	0.5	Alice	False	True	False	cosine	MinWeight	-1	0.25	1	5000	200.0	20	5	100	0.999	True	10	None		True	1.0	5000	5000	10000	104.10332441329956	4.53863263130188	-1	84.20450115203857	-1	6.9141387939453125e-06	12.28047776222229	1.26179838180542	97.7651481628418
1719392825.9397252	Node2Vec	0.9	False	128	10	1	True	0.9	False	128	10	1	True	100	20	250	300	5	42	100	20	250	300	5	42	BloomFilter	SuperSecretSalt1337	2	dice	BloomFilter	SuperSecretSalt1337	2	dice	1024	10	False	10	1024	1024	10	False	10	1024	1024	64	8	True	2000	32	8	True	10	1000	PNG	10	1000	PNG	./data/Daten_PPRL/fakename_10k.tsv	0.55	Alice	False	True	False	cosine	MinWeight	-1	0.275	1	5500	200.0	20	5	100	0.999	True	10	None		True	1.0	5500	5500	10000	117.81374335289001	5.18850564956665	-1	93.87449812889099	-1	7.152557373046875e-06	15.321243286132812	1.4655272960662842	110.68102550506592
1719392966.0398114	Node2Vec	0.9	False	128	10	1	True	0.9	False	128	10	1	True	100	20	250	300	5	42	100	20	250	300	5	42	BloomFilter	SuperSecretSalt1337	2	dice	BloomFilter	SuperSecretSalt1337	2	dice	1024	10	False	10	1024	1024	10	False	10	1024	1024	64	8	True	2000	32	8	True	10	1000	PNG	10	1000	PNG	./data/Daten_PPRL/fakename_10k.tsv	0.6	Alice	False	True	False	cosine	MinWeight	-1	0.3	1	6000	200.0	20	5	100	0.999	True	10	None		True	1.0	6000	6000	10000	140.0986943244934	5.859792709350586	-1	102.40910387039185	-1	7.62939453125e-06	28.128302574157715	1.630946159362793	132.18878293037415
1719393118.478692	Node2Vec	0.9	False	128	10	1	True	0.9	False	128	10	1	True	100	20	250	300	5	42	100	20	250	300	5	42	BloomFilter	SuperSecretSalt1337	2	dice	BloomFilter	SuperSecretSalt1337	2	dice	1024	10	False	10	1024	1024	10	False	10	1024	1024	64	8	True	2000	32	8	True	10	1000	PNG	10	1000	PNG	./data/Daten_PPRL/fakename_10k.tsv	0.65	Alice	False	True	False	cosine	MinWeight	-1	0.325	1	6500	200.0	20	5	100	0.999	True	10	None		True	0.9998461538461538	6499	6500	10000	152.4375925064087	6.78347373008728	-1	119.46650171279907	-1	0.0005476474761962891	22.42291283607483	1.6710553169250488	143.58274626731873
1719393289.6121988	Node2Vec	0.9	False	128	10	1	True	0.9	False	128	10	1	True	100	20	250	300	5	42	100	20	250	300	5	42	BloomFilter	SuperSecretSalt1337	2	dice	BloomFilter	SuperSecretSalt1337	2	dice	1024	10	False	10	1024	1024	10	False	10	1024	1024	64	8	True	2000	32	8	True	10	1000	PNG	10	1000	PNG	./data/Daten_PPRL/fakename_10k.tsv	0.7	Alice	False	True	False	cosine	MinWeight	-1	0.35	1	7000	200.0	20	5	100	0.999	True	10	None		True	1.0	7000	7000	10000	171.13221192359924	7.600934267044067	-1	131.39744353294373	-1	0.0003211498260498047	27.972877025604248	1.8582143783569336	161.25215935707092
1719393495.6046891	Node2Vec	0.9	False	128	10	1	True	0.9	False	128	10	1	True	100	20	250	300	5	42	100	20	250	300	5	42	BloomFilter	SuperSecretSalt1337	2	dice	BloomFilter	SuperSecretSalt1337	2	dice	1024	10	False	10	1024	1024	10	False	10	1024	1024	64	8	True	2000	32	8	True	10	1000	PNG	10	1000	PNG	./data/Daten_PPRL/fakename_10k.tsv	0.75	Alice	False	True	False	cosine	MinWeight	-1	0.375	1	7500	200.0	20	5	100	0.999	True	10	None		True	1.0	7500	7500	10000	205.99119210243225	8.623466491699219	-1	143.57222032546997	-1	0.0002334117889404297	49.47419881820679	2.003577947616577	195.07375168800354
1719394036.8859262	Node2Vec	0.9	False	128	10	1	True	0.9	False	128	10	1	True	100	20	250	300	5	42	100	20	250	300	5	42	BloomFilter	SuperSecretSalt1337	2	dice	BloomFilter	SuperSecretSalt1337	2	dice	1024	10	False	10	1024	1024	10	False	10	1024	1024	64	8	True	2000	32	8	True	10	1000	PNG	10	1000	PNG	./data/Daten_PPRL/fakename_10k.tsv	0.8	Alice	False	True	False	cosine	MinWeight	-1	0.4	1	8000	200.0	20	5	100	0.999	True	10	None		True	1.0	8000	8000	10000	541.2797632217407	9.696909189224243	-1	153.66746306419373	-1	0.00023508071899414062	373.5370876789093	2.070603132247925	529.3022997379303
1719394267.0569417	Node2Vec	0.9	False	128	10	1	True	0.9	False	128	10	1	True	100	20	250	300	5	42	100	20	250	300	5	42	BloomFilter	SuperSecretSalt1337	2	dice	BloomFilter	SuperSecretSalt1337	2	dice	1024	10	False	10	1024	1024	10	False	10	1024	1024	64	8	True	2000	32	8	True	10	1000	PNG	10	1000	PNG	./data/Daten_PPRL/fakename_10k.tsv	0.85	Alice	False	True	False	cosine	MinWeight	-1	0.425	1	8500	200.0	20	5	100	0.999	True	10	None		True	1.0	8500	8500	10000	230.16951251029968	9.725652694702148	-1	167.47972989082336	-1	0.0003261566162109375	48.23873591423035	2.2989444732666016	218.04535341262817
1719394531.517551	Node2Vec	0.9	False	128	10	1	True	0.9	False	128	10	1	True	100	20	250	300	5	42	100	20	250	300	5	42	BloomFilter	SuperSecretSalt1337	2	dice	BloomFilter	SuperSecretSalt1337	2	dice	1024	10	False	10	1024	1024	10	False	10	1024	1024	64	8	True	2000	32	8	True	10	1000	PNG	10	1000	PNG	./data/Daten_PPRL/fakename_10k.tsv	0.9	Alice	False	True	False	cosine	MinWeight	-1	0.45	1	9000	200.0	20	5	100	0.999	True	10	None		True	1.0	9000	9000	10000	264.4590196609497	11.763722896575928	-1	187.1900086402893	-1	0.00022411346435546875	60.16608786582947	2.485966444015503	249.86937355995178
1719394905.0540214	Node2Vec	0.9	False	128	10	1	True	0.9	False	128	10	1	True	100	20	250	300	5	42	100	20	250	300	5	42	BloomFilter	SuperSecretSalt1337	2	dice	BloomFilter	SuperSecretSalt1337	2	dice	1024	10	False	10	1024	1024	10	False	10	1024	1024	64	8	True	2000	32	8	True	10	1000	PNG	10	1000	PNG	./data/Daten_PPRL/fakename_10k.tsv	0.95	Alice	False	True	False	cosine	MinWeight	-1	0.475	1	9500	200.0	20	5	100	0.999	True	10	None		True	1.0	9500	9500	10000	373.5349762439728	12.949152708053589	-1	206.0320496559143	-1	0.00035572052001953125	149.07092547416687	2.583409070968628	357.71580266952515
1719395219.025632	Node2Vec	0.9	False	128	10	1	True	0.9	False	128	10	1	True	100	20	250	300	5	42	100	20	250	300	5	42	BloomFilter	SuperSecretSalt1337	2	dice	BloomFilter	SuperSecretSalt1337	2	dice	1024	10	False	10	1024	1024	10	False	10	1024	1024	64	8	True	2000	32	8	True	10	1000	PNG	10	1000	PNG	./data/Daten_PPRL/fakename_10k.tsv	1.0	Alice	False	True	False	cosine	MinWeight	-1	0.5	1	10000	200.0	20	5	100	0.999	True	10	None		True	1.0	10000	10000	10000	313.96994400024414	14.90586519241333	-1	222.0673999786377	-1	0.0004363059997558594	72.72100567817688	1.2447354793548584	296.0659456253052
1719485960.2434273	Node2Vec	0.9	False	128	10	1	True	0.9	False	128	10	1	True	100	20	250	300	5	42	100	20	250	300	5	42	BloomFilter	SuperSecretSalt1337	2	dice	BloomFilter	SuperSecretSalt1337	2	dice	1024	10	False	10	1024	1024	10	False	10	1024	1024	64	8	True	2000	32	8	True	10	1000	PNG	10	1000	PNG	./data/Daten_PPRL/titanic_full.tsv	0.05	Alice	False	True	False	cosine	MinWeight	-1	0.1	1	42	200.0	20	5	100	0.999	True	10	None		True	0.0	0	44	891	13.620363235473633	0.5992703437805176	-1	-1	-1	5.4836273193359375e-06	12.960960149765015	0.035683393478393555	13.00004506111145
1719485988.1395593	Node2Vec	0.9	False	128	10	1	True	0.9	False	128	10	1	True	100	20	250	300	5	42	100	20	250	300	5	42	BloomFilter	SuperSecretSalt1337	2	dice	BloomFilter	SuperSecretSalt1337	2	dice	1024	10	False	10	1024	1024	10	False	10	1024	1024	64	8	True	2000	32	8	True	10	1000	PNG	10	1000	PNG	./data/Daten_PPRL/titanic_full.tsv	0.1	Alice	False	True	False	cosine	MinWeight	-1	0.1	1	88	200.0	20	5	100	0.999	True	10	None		True	0.0	0	89	891	27.895606756210327	0.6246581077575684	-1	-1	-1	0.0004711151123046875	27.216331720352173	0.03252458572387695	27.252723693847656
1719486015.6254396	Node2Vec	0.9	False	128	10	1	True	0.9	False	128	10	1	True	100	20	250	300	5	42	100	20	250	300	5	42	BloomFilter	SuperSecretSalt1337	2	dice	BloomFilter	SuperSecretSalt1337	2	dice	1024	10	False	10	1024	1024	10	False	10	1024	1024	64	8	True	2000	32	8	True	10	1000	PNG	10	1000	PNG	./data/Daten_PPRL/titanic_full.tsv	0.15	Alice	False	True	False	cosine	MinWeight	-1	0.1	1	133	200.0	20	5	100	0.999	True	10	None		True	0.0	0	133	891	27.484931707382202	0.6439194679260254	-1	-1	-1	0.0004863739013671875	26.786011219024658	0.033443450927734375	26.823530673980713
1719486055.1828175	Node2Vec	0.9	False	128	10	1	True	0.9	False	128	10	1	True	100	20	250	300	5	42	100	20	250	300	5	42	BloomFilter	SuperSecretSalt1337	2	dice	BloomFilter	SuperSecretSalt1337	2	dice	1024	10	False	10	1024	1024	10	False	10	1024	1024	64	8	True	2000	32	8	True	10	1000	PNG	10	1000	PNG	./data/Daten_PPRL/titanic_full.tsv	0.2	Alice	False	True	False	cosine	MinWeight	-1	0.1	1	178	200.0	20	5	100	0.999	True	10	None		True	0.011235955056179775	2	178	891	39.556976079940796	0.64919114112854	-1	-1	-1	0.00033402442932128906	38.80435824394226	0.08296847343444824	38.89100766181946
1719486085.2119546	Node2Vec	0.9	False	128	10	1	True	0.9	False	128	10	1	True	100	20	250	300	5	42	100	20	250	300	5	42	BloomFilter	SuperSecretSalt1337	2	dice	BloomFilter	SuperSecretSalt1337	2	dice	1024	10	False	10	1024	1024	10	False	10	1024	1024	64	8	True	2000	32	8	True	10	1000	PNG	10	1000	PNG	./data/Daten_PPRL/titanic_full.tsv	0.25	Alice	False	True	False	cosine	MinWeight	-1	0.125	1	222	200.0	20	5	100	0.999	True	10	None		True	0.009009009009009009	2	222	891	30.026148557662964	0.6620798110961914	-1	-1	-1	0.00042128562927246094	29.29919981956482	0.04408836364746094	29.34702491760254
1719486120.6133997	Node2Vec	0.9	False	128	10	1	True	0.9	False	128	10	1	True	100	20	250	300	5	42	100	20	250	300	5	42	BloomFilter	SuperSecretSalt1337	2	dice	BloomFilter	SuperSecretSalt1337	2	dice	1024	10	False	10	1024	1024	10	False	10	1024	1024	64	8	True	2000	32	8	True	10	1000	PNG	10	1000	PNG	./data/Daten_PPRL/titanic_full.tsv	0.3	Alice	False	True	False	cosine	MinWeight	-1	0.15	1	265	200.0	20	5	100	0.999	True	10	None		True	0.1198501872659176	32	267	891	35.40084195137024	0.6701405048370361	-1	-1	-1	0.0004892349243164062	34.64060950279236	0.06613016128540039	34.71102571487427
1719486153.1623392	Node2Vec	0.9	False	128	10	1	True	0.9	False	128	10	1	True	100	20	250	300	5	42	100	20	250	300	5	42	BloomFilter	SuperSecretSalt1337	2	dice	BloomFilter	SuperSecretSalt1337	2	dice	1024	10	False	10	1024	1024	10	False	10	1024	1024	64	8	True	2000	32	8	True	10	1000	PNG	10	1000	PNG	./data/Daten_PPRL/titanic_full.tsv	0.35	Alice	False	True	False	cosine	MinWeight	-1	0.175	1	311	200.0	20	5	100	0.999	True	10	None		True	0.05466237942122187	17	311	891	32.547998905181885	0.6683480739593506	-1	-1	-1	0.0009615421295166016	31.788131713867188	0.06907868385314941	31.861479997634888
1719486200.6700933	Node2Vec	0.9	False	128	10	1	True	0.9	False	128	10	1	True	100	20	250	300	5	42	100	20	250	300	5	42	BloomFilter	SuperSecretSalt1337	2	dice	BloomFilter	SuperSecretSalt1337	2	dice	1024	10	False	10	1024	1024	10	False	10	1024	1024	64	8	True	2000	32	8	True	10	1000	PNG	10	1000	PNG	./data/Daten_PPRL/titanic_full.tsv	0.4	Alice	False	True	False	cosine	MinWeight	-1	0.2	1	354	200.0	20	5	100	0.999	True	10	None		True	0.49157303370786515	175	356	891	47.506407737731934	0.6686692237854004	-1	-1	-1	0.0005888938903808594	46.75117874145508	0.06372666358947754	46.8188681602478
1719486252.074074	Node2Vec	0.9	False	128	10	1	True	0.9	False	128	10	1	True	100	20	250	300	5	42	100	20	250	300	5	42	BloomFilter	SuperSecretSalt1337	2	dice	BloomFilter	SuperSecretSalt1337	2	dice	1024	10	False	10	1024	1024	10	False	10	1024	1024	64	8	True	2000	32	8	True	10	1000	PNG	10	1000	PNG	./data/Daten_PPRL/titanic_full.tsv	0.45	Alice	False	True	False	cosine	MinWeight	-1	0.225	1	398	200.0	20	5	100	0.999	True	10	None		True	0.57	228	400	891	51.40346574783325	0.6753430366516113	-1	-1	-1	0.0009686946868896484	50.65451526641846	0.05001378059387207	50.70893430709839
1719486285.0197577	Node2Vec	0.9	False	128	10	1	True	0.9	False	128	10	1	True	100	20	250	300	5	42	100	20	250	300	5	42	BloomFilter	SuperSecretSalt1337	2	dice	BloomFilter	SuperSecretSalt1337	2	dice	1024	10	False	10	1024	1024	10	False	10	1024	1024	64	8	True	2000	32	8	True	10	1000	PNG	10	1000	PNG	./data/Daten_PPRL/titanic_full.tsv	0.5	Alice	False	True	False	cosine	MinWeight	-1	0.25	1	445	200.0	20	5	100	0.999	True	10	None		True	0.6426966292134831	286	445	891	32.94516682624817	0.6940679550170898	-1	-1	-1	0.00036716461181640625	32.17255473136902	0.05284929275512695	32.22924184799194
1719486313.6292787	Node2Vec	0.9	False	128	10	1	True	0.9	False	128	10	1	True	100	20	250	300	5	42	100	20	250	300	5	42	BloomFilter	SuperSecretSalt1337	2	dice	BloomFilter	SuperSecretSalt1337	2	dice	1024	10	False	10	1024	1024	10	False	10	1024	1024	64	8	True	2000	32	8	True	10	1000	PNG	10	1000	PNG	./data/Daten_PPRL/titanic_full.tsv	0.55	Alice	False	True	False	cosine	MinWeight	-1	0.275	1	489	200.0	20	5	100	0.999	True	10	None		True	0.7714285714285715	378	490	891	28.60898470878601	0.723914623260498	-1	-1	-1	0.0004723072052001953	27.802531242370605	0.05735611915588379	27.86388111114502
1719486317.0235503	Node2Vec	0.9	False	128	10	1	True	0.9	False	128	10	1	True	100	20	250	300	5	42	100	20	250	300	5	42	BloomFilter	SuperSecretSalt1337	2	dice	BloomFilter	SuperSecretSalt1337	2	dice	1024	10	False	10	1024	1024	10	False	10	1024	1024	64	8	True	2000	32	8	True	10	1000	PNG	10	1000	PNG	./data/Daten_PPRL/titanic_full.tsv	0.6	Alice	False	True	False	cosine	MinWeight	-1	0.3	1	533	200.0	20	5	100	0.999	True	10	None		True	0.947565543071161	506	534	891	3.3931620121002197	0.7206437587738037	-1	-1	-1	0.00041794776916503906	2.6112685203552246	0.03678774833679199	2.651927947998047
1719486341.5568633	Node2Vec	0.9	False	128	10	1	True	0.9	False	128	10	1	True	100	20	250	300	5	42	100	20	250	300	5	42	BloomFilter	SuperSecretSalt1337	2	dice	BloomFilter	SuperSecretSalt1337	2	dice	1024	10	False	10	1024	1024	10	False	10	1024	1024	64	8	True	2000	32	8	True	10	1000	PNG	10	1000	PNG	./data/Daten_PPRL/titanic_full.tsv	0.65	Alice	False	True	False	cosine	MinWeight	-1	0.325	1	579	200.0	20	5	100	0.999	True	10	None		True	0.8324697754749568	482	579	891	24.532830476760864	0.7168164253234863	-1	-1	-1	0.0004680156707763672	23.736713886260986	0.05316352844238281	23.79386281967163
1719486347.3778882	Node2Vec	0.9	False	128	10	1	True	0.9	False	128	10	1	True	100	20	250	300	5	42	100	20	250	300	5	42	BloomFilter	SuperSecretSalt1337	2	dice	BloomFilter	SuperSecretSalt1337	2	dice	1024	10	False	10	1024	1024	10	False	10	1024	1024	64	8	True	2000	32	8	True	10	1000	PNG	10	1000	PNG	./data/Daten_PPRL/titanic_full.tsv	0.7	Alice	False	True	False	cosine	MinWeight	-1	0.35	1	622	200.0	20	5	100	0.999	True	10	None		True	0.9791332263242376	610	623	891	5.8204638957977295	0.70599365234375	-1	-1	-1	4.5299530029296875e-06	5.040902853012085	0.0481414794921875	5.092566013336182
1719486349.6385965	Node2Vec	0.9	False	128	10	1	True	0.9	False	128	10	1	True	100	20	250	300	5	42	100	20	250	300	5	42	BloomFilter	SuperSecretSalt1337	2	dice	BloomFilter	SuperSecretSalt1337	2	dice	1024	10	False	10	1024	1024	10	False	10	1024	1024	64	8	True	2000	32	8	True	10	1000	PNG	10	1000	PNG	./data/Daten_PPRL/titanic_full.tsv	0.75	Alice	False	True	False	cosine	MinWeight	-1	0.375	1	668	200.0	20	5	100	0.999	True	10	None		True	0.9910179640718563	662	668	891	2.260195016860962	0.7307052612304688	-1	-1	-1	5.0067901611328125e-06	1.4625914096832275	0.037957191467285156	1.504781723022461
1719486395.725306	Node2Vec	0.9	False	128	10	1	True	0.9	False	128	10	1	True	100	20	250	300	5	42	100	20	250	300	5	42	BloomFilter	SuperSecretSalt1337	2	dice	BloomFilter	SuperSecretSalt1337	2	dice	1024	10	False	10	1024	1024	10	False	10	1024	1024	64	8	True	2000	32	8	True	10	1000	PNG	10	1000	PNG	./data/Daten_PPRL/titanic_full.tsv	0.8	Alice	False	True	False	cosine	MinWeight	-1	0.4	1	711	200.0	20	5	100	0.999	True	10	None		True	0.9269662921348315	660	712	891	46.086172342300415	0.7553722858428955	-1	-1	-1	5.245208740234375e-06	45.24190616607666	0.06085658073425293	45.306296586990356
1719486427.6689873	Node2Vec	0.9	False	128	10	1	True	0.9	False	128	10	1	True	100	20	250	300	5	42	100	20	250	300	5	42	BloomFilter	SuperSecretSalt1337	2	dice	BloomFilter	SuperSecretSalt1337	2	dice	1024	10	False	10	1024	1024	10	False	10	1024	1024	64	8	True	2000	32	8	True	10	1000	PNG	10	1000	PNG	./data/Daten_PPRL/titanic_full.tsv	0.85	Alice	False	True	False	cosine	MinWeight	-1	0.425	1	756	200.0	20	5	100	0.999	True	10	None		True	0.9418758256274768	713	757	891	31.943129777908325	0.7361876964569092	-1	-1	-1	4.5299530029296875e-06	31.09319257736206	0.08542490005493164	31.182133674621582
1719486464.8965352	Node2Vec	0.9	False	128	10	1	True	0.9	False	128	10	1	True	100	20	250	300	5	42	100	20	250	300	5	42	BloomFilter	SuperSecretSalt1337	2	dice	BloomFilter	SuperSecretSalt1337	2	dice	1024	10	False	10	1024	1024	10	False	10	1024	1024	64	8	True	2000	32	8	True	10	1000	PNG	10	1000	PNG	./data/Daten_PPRL/titanic_full.tsv	0.9	Alice	False	True	False	cosine	MinWeight	-1	0.45	1	801	200.0	20	5	100	0.999	True	10	None		True	0.9637952559300874	772	801	891	37.226982831954956	0.7607731819152832	-1	-1	-1	4.291534423828125e-06	36.361008644104004	0.07680320739746094	36.441293478012085
1719486513.2615154	Node2Vec	0.9	False	128	10	1	True	0.9	False	128	10	1	True	100	20	250	300	5	42	100	20	250	300	5	42	BloomFilter	SuperSecretSalt1337	2	dice	BloomFilter	SuperSecretSalt1337	2	dice	1024	10	False	10	1024	1024	10	False	10	1024	1024	64	8	True	2000	32	8	True	10	1000	PNG	10	1000	PNG	./data/Daten_PPRL/titanic_full.tsv	0.95	Alice	False	True	False	cosine	MinWeight	-1	0.475	1	845	200.0	20	5	100	0.999	True	10	None		True	0.9787234042553191	828	846	891	48.364418029785156	0.7622666358947754	-1	-1	-1	4.291534423828125e-06	47.50217032432556	0.06893396377563477	47.57462024688721
1719486541.4314606	Node2Vec	0.9	False	128	10	1	True	0.9	False	128	10	1	True	100	20	250	300	5	42	100	20	250	300	5	42	BloomFilter	SuperSecretSalt1337	2	dice	BloomFilter	SuperSecretSalt1337	2	dice	1024	10	False	10	1024	1024	10	False	10	1024	1024	64	8	True	2000	32	8	True	10	1000	PNG	10	1000	PNG	./data/Daten_PPRL/titanic_full.tsv	1.0	Alice	False	True	False	cosine	MinWeight	-1	0.5	1	890	200.0	20	5	100	0.999	True	10	None		True	0.9988776655443322	890	891	891	28.169055938720703	0.7815451622009277	-1	-1	-1	4.5299530029296875e-06	27.305958032608032	0.049414634704589844	27.358916759490967
